Employee_ID,Name,Gender,Age,Department,City,Experience_Years,Education_Level,Job_Level,Salary,Performance_Score,Joining_Date,Is_Remote,Employment_Type,Monthly_Work_Hours,Projects_Completed,Training_Hours,Satisfaction_Score,Attrition,Email
1001,Farhan Ahmed,Male,38,Marketing,Karachi,4,Intermediate,Senior,111512,7.9,2014-09-18,True,Full-time,169,150,77,1.1,No,farhan.ahmed1001@company.com
1002,Farhan Chaudhry,Female,35,Design,Rawalpindi,8,Intermediate,Senior,,6.7,2017-06-27,True,Part-time,183,7,11,2.5,No,farhan.chaudhry1002@company.com
1003,Hira Sheikh,Female,23,Design,Lhore,3,MPhil,Junior,56050,,2015-07-24,True,Full-time,177,6,29,4.5,No,hira.sheikh1003@company.com
1004,Saad Butt,Female,,Support,Islamabad,6,Master,Senior,118533,,2017-11-02,True,Full-time,188,18,71,1.9,No,
1005,Shahzaib Qureshi,Male,35,IT,Peshawar,10,MPhil,Junior,77905,9.3,2021-01-21,True,Full-time,190,30,18,,No,shahzaib.qureshi1005@company.com
1006,Mehwish Siddiqui,Female,58,Operations,Rawalpindi,12,Master,Junior,78692,7.4,2015-01-21,True,Full-time,160,28,76,1.3,No,mehwish.siddiqui1006@company.com
1007,Saad Siddiqui,Female,56,IT,Multan,23,Intermediate,Senior,172420,8.8,2021-08-18, false ,Full-time,160,30,0,4.8,No,saad.siddiqui1007@company.com
1008,Bilal Siddiqui,Male,,HR,Peshawar,20,Master,Lead,213734,6.0,2022-05-22,True,Full-time,207,1,76,2.3,Yes,bilal.siddiqui1008@company.com
1009,Kainat Malik,Female,36,IT,Karachi,16,Intermediate,Junior,one lakh,9.8,2025-12-12,True,Full-time,200,11,33,3.1,No,kainat.malik1009@company.com
1010,Umar Aslam,Male,40,Operations,Multan,20,Master,Mid,133974,5.6,2019-01-15,True,Full-time,215,15,75,1.9,Yes,umar.aslam1010@company.com
1011,Farhan Khan,Male,25,IT,Peshawar,5,Intermediate,Mid,89756,6.0,2016-12-19,False,Full-time,200,27,24,1.4,No,farhan.khan1011@company.com
1012,Hira Farooq,Female,50,IT,Multan,20,Intermediate,Junior,113938,8.9,2016-06-14,True,Full-time,208,29,17,2.7,No,hira.farooq1012@company.com
1013,Zainab Iqbal,Male,49,HR,Lahore,20,Intermediate,Manager,256605,5.8,2024-11-22,False,Full-time,191,4,21,2.5,No,zainab.iqbal1013@company.com
1014,Bilal Aslam,Female,39,Operations,Multan,19,MPhil,Junior,89866,9.7,2026-02-28,True,Full-time,147,4,74,2.9,No,bilal.aslam1014@company.com
1015,Danish Raza,Male,53,HR,Peshawar,5,Intermediate,Mid,85617,7.0,2019-07-10,True,Full-time,193,34,40,4.7,No,danish.raza1015@company.com
1016,Raza Malik,Male,37,Operations,Karachi,17,Master,Mid,121140,5.0,2016-03-30,True,Full-time,204,17,16,4.7,No,raza.malik1016@company.com
1017,Abdullah Noor,Female,39,Finance,Karach,17,Master,Senior,173016,5.0,2026-06-10,False,Contract,153,9,33,1.5,Yes,abdullah.noor1017@company.com
1018,Mehwish Raza,Female,39,Marketing,Multan,10,Bachelor,Senior,136961,7.4,2015-02-21,True,Full-time,175,3,0,2.3,Yes,mehwish.raza1018@company.com
1019,Bilal Raza,Female,56,Operations,Rawalpindi,0,Intermediate,Junior,41884,,2022-04-13,True,Full-time,145,20,46,4.6,No,bilal.raza1019@company.com
1020,Eman Khan,Female,34, it ,Multan,3,Master,Senior,109960,9.5,2019-04-24,True,Part-time,162,27,3,1.7,No,eman.khan1020@company.com
1021,Laiba Aslam,Female,36,Sales,Islambad,16,Intermediate,Mid,107487,6.1,2024-04-28,False,Full-time,169,15,3,3.6,No,laiba.aslam1021@company.com
1022,Bilal Iqbal,Male,,Support,Multan,16,MPhil,Senior,154219,9.6,2016-08-02,False,Full-time,173,3,13,3.4,No,bilal.iqbal1022@company.com
1023,Laiba Malik,Female,53,HR,Faisalabad,18,Bachelor,Junior,109806,5.0,2026-01-28,True,Full-time,148,22,79,2.3,No,laiba.malik1023@company.com
1024,Anam Aslam,Female,53,Sales,Multan,13,Master,Mid,111431,5.6,2023-06-07,False,Full-time,162,20,51,3.2,Yes,anam.aslam1024@company.com
1025,Maria Noor,Female,58,Support,Faisalabad,14,MPhil,Senior,152349,8.9,2017-10-22,True,Full-time,224,22,11,4.3,No,maria.noor1025@company.com
1026,Komal Ali,Male,33,Finance,Lahore,1,Bachelor,Manager,187437,7.2,2018-05-12,False,Full-time,171,10,0,4.6,No,komal.ali1026@company.com
1027,Abdullah Ahmed,Female,35,Finance,,15,MPhil,Junior,75626,7.2,2024-06-03,False,Part-time,196,33,54,4.3,No,abdullah.ahmed1027@company.com
1028,Abdullah Raza,Female,49,Sales,Peshawar,7,Master,Senior,132948,8.1,2020-02-28,False,Full-time,176,16,34,2.3,No,abdullah.raza1028@company.com
1029,Ahmed Raza,Male,35,Operations,Multan,4,Bachelor,Junior,58378,7.7,2023-04-30,True,Full-time,193,25,74,4.8,Yes,ahmed.raza1029@company.com
1030,Abdullah Qureshi,Female,51,IT,Islamabad,9,MPhil,Lead,178558,,2026-04-01,True,Full-time,174,28,62,1.1,No,abdullah.qureshi1030@company.com
1031,Komal Qureshi,Female,31,Design,Karachi,11,Intermediate,Lead,188625,8.2,2015-11-19,False,Full-time,199,12,6,2.0,No,komal.qureshi1031@company.com
1032,Saad Malik,Female,45,Sales,Peshawar,13,Master,Lead,173554,8.7,2015-03-03,False,Full-time,148,3,3,4.8,No,saad.malik1032@company.com
1033,Ali Sheikh,Male,36,Finance,Faisalabad,16,Intermediate,Mid,113174,8.4,2022-04-10,True,Full-time,154,11,39,1.4,Yes,ali.sheikh1033@company.com
1034,Maria Sheikh,Female,46,Marketing,Lahore,18,Bachelor,Junior,107758,9.2,2016-09-18,True,Full-time,194,24,8,3.0,No,maria.sheikh1034@company.com
1035,Eman Farooq,Female,27,Operations,Islamabad,7,MPhil,Senior,121608,8.6,not_available,False,Full-time,215,18,41,4.4,No,eman.farooq1035@company.com
1036,Ahmed Ali,Female,36,Design,Rawalpindi,16,MPhil,Mid,117642,5.9,2018-10-04,False,Full-time,183,18,76,3.8,No,ahmed.ali1036@company.com
1037,Ali Siddiqui,Male,26,Marketing,Multan,6,MPhil,Mid,91352,8.2,2025-01-03,False,Full-time,151,19,28,2.6,No,ali.siddiqui1037@company.com
1038,Komal Sheikh,Female,51,Support,Faisalabad,23,Master,Mid,133644,6.5,2019-03-04,True,Full-time,180,8,68,4.8,No,komal.sheikh1038@company.com
1039,Umar Noor,Female,38,Sales,,6,Master,Junior,59906,5.1,2025-12-24,True,Full-time,146,19,16,3.6,No,employee@company
1040,Fatima Iqbal,Male,57,Sales,Faisalabad,15,MPhil,Mid,98848,9.6,2024-09-18,True,Contract,191,32,9,3.3,No,fatima.iqbal1040@company.com
1041,Hassan Raza,Female,26,Marketing,Lahore,6,MPhil,Senior,124909,8.8,2022-07-14,False,Contract,178,28,39,3.3,Yes,hassan.raza1041@company.com
1042,Anam Ahmed,Male,34,Sales,Multan,2,Bachelor,Junior,45319,5.8,2023-03-01,False,Full-time,200,19,4,1.9,No,anam.ahmed1042@company.com
1043,Raza Iqbal,Female,25,Marketing,Islamabad,5,Bachelor,Mid,83941,8.2,2019-12-17,True,Full-time,161,20,76,4.0,No,raza.iqbal1043@company.com
1044,Maria Tariq,Male,50,Sales,Multan,12,Master,Mid,110076,5.4,2014-11-23,False,Full-time,217,17,3,,No,maria.tariq1044@company.com
1045,Taha Iqbal,Male,38,IT,Peshawar,18,Bachelor,Mid,132902,9.5,2018-01-26,False,Full-time,202,6,60,2.4,No,taha.iqbal1045@company.com
1046,Komal Ahmed,Male,42,Operations,Multan,15,Master,Senior,154325,5.2,2015-12-23,False,Full-time,154,26,65,4.3,Yes,komal.ahmed1046@company.com
1047,Eman Siddiqui,Female,47,IT,Karachi,16,Master,Senior,156604,8.7,2018-07-26,False,Full-time,176,29,62,1.5,No,eman.siddiqui1047@company.com
1048,Noor Qureshi,Male,31,Sales,Rawalpindi,0,MPhil,Junior,52120,9.6,2017-06-15,False,Contract,177,33,34,2.7,No,noor.qureshi1048@company.com
1049,Iqra Noor,Female,56,Finance,Faisalabad,6,Bachelor,Lead,164786,6.7,2025-05-22,False,Contract,176,20,75,3.3,No,iqra.noor1049@company.com
1050,Eman Raza,Female,55,Design,Islamabad,10,MPhil,Mid,92771,9.8,2019-05-11,0,Full-time,192,3,40,4.0,No,eman.raza1050@company.com
1051,Laiba Farooq,Female,30,Design,Lahore,4,Master,Lead,151071,7.6,2024-04-01,True,Full-time,192,10,9,2.9,No,laiba.farooq1051@company.com
1052,Hamza Sheikh,Female,26,Support,Peshawar,6,MPhil,Manager,216487,9.3,2014-10-22,FALSE,Full-time,227,19,29,,No,hamza.sheikh1052@company.com
1053,Fatima Qureshi,Male,49,HR ,Multan,9,Intermediate,Junior,69708,6.4,2022-05-29,False,Full-time,207,27,72,3.7,No,fatima.qureshi1053@company.com
1054,Ayesha Ahmed,Female,36,Design,Rawalpindi,4,Bachelor,Mid,86339,6.3,2014-03-18,False,Contract,226,35,20,1.3,No,ayesha.ahmed1054@company.com
1055,Talha Ali,Female,37,Design,Peshawar,9,Bachelor,Manager,210595,,2022-01-19,False,Part-time,177,2,50,2.1,No,talha.ali1055@company.com
1056,Komal Qureshi,Male,52,Sales, Multan ,25,Bachelor,Senior,167201,8.1,2019-08-16,True,Full-time,220,3,39,4.2,Yes,komal.qureshi1056@company.com
1057,Hira Chaudhry,Male,26,Sales,ISLAMABAD,6,MPhil,Junior,67095,9.3,2022-03-17,False,Contract,172,31,37,4.0,No,hira.chaudhry1057@company.com
1058,Fatima Tariq,Male,30,Marketing,,10,MPhil,Manager,234732,6.8,2022-11-07,FALSE,Full-time,155,30,47,3.7,No,fatima.tariq1058@company.com
1059,Talha Farooq,Female,27,Marketing,Faisalabad,0,Master,Lead,139071,8.1,2024-05-31,False,Full-time,154,9,5,4.8,No,talha.farooq1059@company.com
1060,Iqra Ahmed,Male,36,Finance,Faisalabad,14,Master,Senior,161195,7.1,2017-06-19,False,Full-time,202,27,35,1.1,No,iqra.ahmed1060@company.com
1061,Saad Tariq,Male,44,HR,Karach,11,Master,Junior,,9.7,2023.07.19,True,Full-time,222,2,6,4.1,No,saad.tariq1061@company.com
1062,Hassan Qureshi,Male,25, Sales,Rawalpindi,5,Bachelor,Mid,92039,5.0,2017-03-31,True,Full-time,162,8,3,1.5,No,hassan.qureshi1062@company.com
1063,Laiba Noor,Female,22,Finance,Islamabad,1,Bachelor,Senior,103601,8.7,2024-09-06,False,Full-time,205,7,57,3.0,No,laiba.noor1063@company.com
1064,Sara Chaudhry,Female,,IT,Lahore,15,MPhil,Mid,108380,8.5,2023-12-13,True,Contract,181,10,8,,No,sara.chaudhry1064@company.com
1065,Talha Siddiqui,Female,45,Sales,Faisalabad,16,MPhil,Junior,92541,9.2,2026-05-14,True,Full-time,169,27,43,4.3,No,talha.siddiqui1065@company.com
1066,Anam Ahmed,Female,48,Support,Multan,8,Master,Manager,223188,5.3,2015-12-01,True,Full-time,187,9,71,1.2,No,anam.ahmed1066@company.com
1067,Mehwish Malik,Male,47,Support,Peshawar,21,MPhil,Lead,207481,9.7,2021-01-03,No,Full-time,204,14,19,3.6,No,mehwish.malik1067@company.com
1068,Fatima Malik,Female,28,HR ,Rawalpindi,7,MPhil,Lead,178840,5.1,2019-12-31,True,Full-time,229,20,43,2.4,No,fatima.malik1068@company.com
1069,Hassan Sheikh,Female,Twenty Five,Finance, Multan ,5,Intermediate,Junior,58479,6.8,2024-03-05,False,Full-time,179,21,72,3.4,No,hassan.sheikh1069@company.com
1070,Hassan Raza,Male,26,Sales,Faisalabad,6,MPhil,Mid,91801,6.3,2025-06-29,True,Full-time,154,19,75,2.9,No,hassan.raza1070@company.com
1071,Sara Noor,Female,24,IT,Karachi,4,Bachelor,Senior,118832,6.4,2016-09-09,True,Full-time,195,12,16,2.5,No,sara.noor1071@company.com
1072,Danish Siddiqui,Female,25,Operations,Lhore,5,Intermediate,Mid,78256,9.2,2023-08-18,False,Full-time,193,19,14,2.6,No,danish.siddiqui1072@company.com
1073,Ayesha Qureshi,Female,44,HR,Faisalabad,3,Bachelor,Mid,87029,5.4,2020-12-16,False,Full-time,161,5,65,3.5,No,ayesha.qureshi1073@company.com
1074,Umar Aslam,Female,43,Finance,Karachi,3,Bachelor,Junior,63204,5.7,2015-09-10,True,Part-time,220,32,59,4.0,No,umar.aslam1074@company.com
1075,Saad Butt,Female,41, it ,Faisalabad,2,MPhil,Mid,75840,7.9,2021-11-23,True,Full-time,197,3,7,2.5,No,saad.butt1075@company.com
1076,Farhan Iqbal,Male,53,Operations,Faisalabad,18,Intermediate,Mid,142976,8.2,2021-03-18,False,Full-time,147,29,13,4.2,No,farhan.iqbal1076@company.com
1077,Raza Ahmed,Male,23,Finanace,Multan,3,MPhil,Mid,76345,6.8,2020-05-06,False,Full-time,183,4,80,3.6,Yes,raza.ahmed1077@company.com
1078,Fatima Siddiqui,Female,39,Sales,Multan,19,Bachelor,Mid,123501,9.5,2020-12-16,False,Full-time,230,6,39,3.2,No,fatima.siddiqui1078@company.com
1079,Hamza Iqbal,Male,54,HR,Multan,21,MPhil,Mid,112458,6.5,2018-10-21,False,Contract,202,13,28,,Yes,hamza.iqbal1079@company.com
1080,Maria Iqbal,Male,53,IT,Multan,10,Bachelor,Mid,88466,5.9,2017-09-18,False,Full-time,186,16,56,3.4,No,
1081,Laiba Tariq,Male,55,Marketing,Islamabad,25,MPhil,Lead,203978,8.3,2023-11-19,False,Full-time,188,33,67,2.7,Yes,laiba.tariq1081@company.com
1082,Umar Qureshi,Male,37,IT,Multan,15,Master,Mid,109055,9.2,2020-05-24,True,Full-time,174,29,65,1.6,No,umar.qureshi1082@company.com
1083,Kainat Noor,Female,43,IT,Islambad,1,MPhil,Mid,76935,9.9,2022-05-30,True,Full-time,152,22,18,1.6,No,kainat.noor1083@company.com
1084,Taha Tariq,Male,51,Design,Rawalpindi,0,Intermediate,Junior,41899,7.7,2025-11-02,False,Full-time,176,16,38,1.5,No,taha.tariq1084@company.com
1085,Farhan Qureshi,Female,25,HR,Peshawar,5,Intermediate,Senior,119812,8.5,2020-07-14,False,Full-time,185,16,73,2.7,No,user.company.com
1086,Ahmed Siddiqui,Female,25,IT,Faisalabad,5,Intermediate,Senior,118131,8.7,2022-01-04,True,Full-time,224,7,74,3.9,No,ahmed.siddiqui1086@company.com
1087,Sara Malik,Female,32,Design,,12,Bachelor,Lead,175145,5.2,2018-07-10,True,Full-time,145,21,39,3.1,No,sara.malik1087@company.com
1088,Mehwish Tariq,Female,23,Marketing,,3,Intermediate,Lead,153389,5.6,2022-04-03,False,Contract,196,25,43,4.9,No,mehwish.tariq1088@company.com
1089,Iqra Malik,Female,26,Operations,Lahore,6,Bachelor,Mid,80103,5.4,2020-08-18,False,Full-time,194,11,56,2.4,Yes,iqra.malik1089@company.com
1090,Eman Aslam,Female,48,Sales,,25,Intermediate,Junior,127935,6.8,2017-08-03,True,Full-time,217,29,4,1.5,No,eman.aslam1090@company.com
1091,Farhan Malik,Female,45,IT,Rawalpindi,4,MPhil,Manager,206791,8.7,2017-02-01,False,Full-time,223,18,31,4.8,Yes,farhan.malik1091@company.com
1092,Ayesha Tariq,Female,56,HR,Islamabad,24,Master,Senior,160093,8.4,2025-01-06,True,Full-time,149,29,22,4.6,No,ayesha.tariq1092@company.com
1093,Ahmed Qureshi,Female,43, Sales,Rawalpindi,17,Master,Lead,178778,8.9,2025-05-30,True,Full-time,165,9,30,4.2,Yes,ahmed.qureshi1093@company.com
1094,Mehwish Sheikh,Female,50,Finance,Rawalpindi,2,Intermediate,Mid,84220,7.6,2023-03-09,True,Full-time,180,5,57,2.9,No,
1095,Hassan Aslam,Male,29,Operations,Rawalpindi,1,Intermediate,Mid,69817,5.8,2019-01-22,Yes,Contract,206,19,10,2.0,No,hassan.aslam1095@company.com
1096,Mehwish Ali,Male,40,HR,Rawalpindi,20,Bachelor,Mid,126832,5.8,2021-07-28,True,Contract,143,6,5,,No,mehwish.ali1096@company.com
1097,Bilal Butt,Male,57, it ,Rawalpindi,20,Intermediate,Mid,141557,6.4,2020-10-10,False,Full-time,227,26,38,2.8,No,bilal.butt1097@company.com
1098,Ayesha Tariq,Female,,Design,Islambad,10,Bachelor,Mid,105173,8.6,2021-09-30,False,Full-time,187,33,71,1.4,No,ayesha.tariq1098@company.com
1099,Fatima Ali,Female,36, it ,Lahore,1,Master,Manager,198761,6.2,2017-08-01,False,Contract,180,13,20,3.0,No,fatima.ali1099@company.com
1100,Iqra Aslam,Female,52,IT,Lahore,12,MPhil,Manager,227995,6.7,2015-02-19,False,Full-time,223,31,36,3.1,No,iqra.aslam1100@company.com
1101,Maham Raza,Female,44,Operations,Islamabad,1,MPhil,Junior,46328,6.8,2020-06-22,True,Full-time,197,18,79,3.7,Yes,maham.raza1101@company.com
1102,Fatima Farooq,Female,42, it ,lahore,4,Bachelor,Senior,123874,5.2,2014-11-15,True,Full-time,200,34,58,,No,fatima.farooq1102@company.com
1103,Hassan Malik,Female,31,Operations,Rawalpindi,11,Master,Mid,109920,7.6,2020-09-21,False,Contract,187,22,14,4.9,No,hassan.malik1103@company.com
1104,Laiba Aslam,Male,51,Sales,Multan,25,Bachelor,Senior,187618,5.8,2022-07-12,True,Contract,171,3,73,4.8,Yes,laiba.aslam1104@company.com
1105,  Ali Tariq  ,Female,47,Finance,Faisalabad,22,Bachelor,Mid,151967,9.3,2015-05-26,True,Full-time,211,21,61,3.1,No,ali.tariq1105@company.com
1106,  Ayesha Tariq  ,Female,55,Support,Multan,24,Master,Senior,157709,6.4,2020-09-11,True,Contract,178,19,26,3.8,No,ayesha.tariq1106@company.com
1107,Iqra Malik,Female,39,HR,Rawalpindi,19,MPhil,Lead,197861,9.7,2017-04-14,False,Full-time,150,23,56,3.6,No,iqra.malik1107@company.com
1108,Umar Noor,Female,56,Sales,Karachi,3,Bachelor,Junior,63914,6.1,2019-03-23,True,Full-time,182,31,12,3.7,Yes,umar.noor1108@company.com
1109,Mehwish Aslam,Male,47,Design,Faisalabad,20,Bachelor,Senior,155284,6.4,2015-04-30,0,Full-time,169,35,4,4.7,Yes,mehwish.aslam1109@company.com
1110,Abdullah Iqbal,Male,23,Operations,Peshawar,3,Bachelor,Manager,,5.0,2016-05-29,False,Full-time,222,35,67,3.0,No,abdullah.iqbal1110@company.com
1111,Eman Siddiqui,Female,38,Marketing,Peshawar,3,Master,Junior,53647,8.5,2014-04-26,False,Full-time,212,13,22,3.4,No,eman.siddiqui1111@company.com
1112,Usman Iqbal,Female,53,Support,Lahore,12,Intermediate,Junior,,6.6,2019-07-26,True,Full-time,170,29,34,4.8,No,usman.iqbal1112@company.com
1113,  Anam Sheikh  ,Male,37,Support,Multan,7,Intermediate,Senior,750000,5.8,2025-04-09,False,Full-time,221,19,47,3.5,No,anam.sheikh1113@company.com
1114,Hassan Tariq,Male,50,Support,Faisalabad,22,MPhil,Senior,179880,8.7,2015-11-02,False,Full-time,186,5,72,1.4,No,hassan.tariq1114@company.com
1115,Abdullah Siddiqui,Male,57,Finance,Karachi,10,MPhil,Junior,78308,7.4,2025-06-12,False,Contract,198,9,65,2.7,No,abdullah.siddiqui1115@company.com
1116,Mehwish Tariq,Female,22,Operations,,0,Bachelor,Mid,75883,6.7,2015-06-07,True,Contract,148,31,4,2.1,Yes,
1117,Hassan Qureshi,Female,44,Operations,Faisalabad,12,MPhil,Junior,92531,5.7,2021-10-19,True,Full-time,208,26,67,1.5,No,hassan.qureshi1117@company.com
1118,Taha Khan,Male,40,marketing,Multan,20,MPhil,Mid,139245,6.2,2021-10-06,True,Full-time,154,3,53,3.5,No,taha.khan1118@company.com
1119,Abdullah Khan,Male,34,HR,Lahore,14,Intermediate,Mid,108059,6.2,2014-12-29,False,Full-time,209,14,7,1.6,No,abdullah.khan1119@company.com
1120,Zainab Iqbal,Female,57,Support,Karachi,9,Bachelor,Manager,215046,7.0,2020-03-04,True,Full-time,215,12,80,3.7,No,zainab.iqbal1120@company.com
1121,Sara Malik,Female,54,Support,Multan,13,MPhil,Junior,76435,8.7,2024-08-15,True,Contract,178,10,59,4.7,No,sara.malik1121@company.com
1122,Maham Siddiqui,Male,45,Marketing,Islamabad,6,Master,Senior,125485,5.5,2018-04-10,True,Full-time,226,3,9,1.8,No,maham.siddiqui1122@company.com
1123,Anam Butt,Male,51,Marketing,Peshawar,10,Master,Manager,207250,9.6,2016-08-19,False,Contract,229,14,50,4.7,No,anam.butt1123@company.com
1124,Shahzaib Ali,Female,50,Support,Islamabad,8,Master,Mid,99814,5.5,2024-07-13,False,Contract,187,21,52,1.2,No,shahzaib.ali1124@company.com
1125,Anam Raza,Male,37,Operations,Islamabad,4,Bachelor,Mid,90978,9.1,2025-03-14,False,Full-time,202,32,58,1.7,No,anam.raza1125@company.com
1126,Ayesha Raza,Female,,IT,Rawalpindi,1,Intermediate,Manager,186757,8.7,2023-04-02,True,Contract,169,5,19,1.0,No,ayesha.raza1126@company.com
1127,Hira Khan,Female,52,IT,Lahore,17,MPhil,Junior,95030,7.6,2020-06-06,True,Full-time,229,28,22,1.4,Yes,hira.khan1127@company.com
1128,Hassan Noor,Male,54,Sales,,11,Master,Senior,130795,9.7,2024-04-18,True,Part-time,168,20,10,3.6,No,hassan.noor1128@company.com
1129,Shahzaib Khan,Male,46,Operations,Faisalabad,17,MPhil,Junior,73538,5.4,2023-09-25,False,Full-time,152,34,5,1.9,No,
1130,Raza Aslam,Female,38,IT,Lahore,18,Master,Lead,191250,5.9,2021-01-20,FALSE,Part-time,215,10,50,4.7,No,raza.aslam1130@company.com
1131,Talha Noor,Female,55,Support,Faisalabad,24,Bachelor,Senior,176633,7.5,2021-10-04,True,Full-time,169,5,43,3.4,No,talha.noor1131@company.com
1132,  Noor Farooq  ,Female,22,Sales,Peshawar,2,MPhil,Junior,one lakh,7.1,2022-07-11,True,Full-time,177,16,9,1.3,Yes,noor.farooq1132@company.com
1133,Raza Qureshi,Male,45,Support,Islamabad,3,Intermediate,Junior,750000,6.8,2020-01-19,True,Full-time,163,28,57,3.2,No,raza.qureshi1133@company.com
1134,Fatima Khan,Male,43,HR,Rawalpindi,19,Master,Lead,181238,7.0,2015-11-25,True,Full-time,161,25,21,1.6,No,fatima.khan1134@company.com
1135,Iqra Raza,Male,31,Operations,Islamabad,11,Master,Mid,95360,6.2,2019-07-14,False,Full-time,165,30,13,1.5,Yes,iqra.raza1135@company.com
1136,Usman Malik,Female,Twenty Five,Design,Islamabad,13,Bachelor,Mid,,7.3,2017-12-26,False,Part-time,177,32,73,4.1,No,usman.malik1136@company.com
1137,Bilal Iqbal,Female,44,HR,karachi,6,Bachelor,Senior,115437,9.7,2024-05-09,True,Full-time,177,5,52,3.7,Yes,bilal.iqbal1137@company.com
1138,  Maria Noor  ,Female,30,Operations, Multan ,10,Intermediate,Mid,750000,7.9,2025-12-26,False,Full-time,186,35,76,3.6,Yes,maria.noor1138@company.com
1139,Shahzaib Noor,Female,31,IT,Rawalpindi,11,MPhil,Manager,223374,5.5,2016-03-18,False,Full-time,206,15,57,2.5,No,shahzaib.noor1139@company.com
1140,Komal Sheikh,Male,43,IT,Faisalabad,3,Master,Mid,71728,9.1,2017-03-06,False,Full-time,198,14,66,2.9,No,komal.sheikh1140@company.com
1141,Saad Chaudhry,Female,41,hr,Islamabad,1,Intermediate,Junior,43085,8.3,2017-09-08,True,Full-time,210,11,42,3.2,No,saad.chaudhry1141@company.com
1142,Zainab Qureshi,Female,32,Finance,Multan,12,MPhil,Mid,108185,7.2,2023-08-20,False,Full-time,167,14,35,4.0,No,zainab.qureshi1142@company.com
1143,Ahmed Sheikh,Male,15,Finance,Islamabad,10,Bachelor,Mid,101409,7.6,2021-01-11,False,Full-time,215,8,44,2.4,No,ahmed.sheikh1143@company.com
1144,Ayesha Iqbal,Female,58,HR,Multan,4,Master,Junior,50532,5.9,2017-03-04,1,Full-time,157,25,54,1.7,No,ayesha.iqbal1144@company.com
1145,Raza Aslam,Male,56,Finance,Faisalabad,9,Bachelor,Junior,63263,9.2,2014-03-20,False,Full-time,189,33,63,2.6,No,raza.aslam1145@company.com
1146,Raza Iqbal,Female,52,Finance,lahore,18,Intermediate,Senior,147089,5.2,2019-01-16,False,Full-time,198,32,70,3.0,No,raza.iqbal1146@company.com
1147,Bilal Qureshi,Female,55,IT,Peshawar,23,MPhil,Mid,126765,8.6,2019-07-21,0,Contract,144,29,33,2.4,No,bilal.qureshi1147@company.com
1148,Saad Iqbal,Male,36,Marketing,Peshawar,16,Master,Lead,199814,5.8,2017-02-14,True,Contract,147,23,68,2.1,No,saad.iqbal1148@company.com
1149,Hamza Chaudhry,Female,39,Sales,Peshawar,16,Intermediate,Junior,,9.5,2020-03-21,True,Full-time,156,16,18,3.8,No,hamza.chaudhry1149@company.com
1150,Shahzaib Iqbal,Female,52,Finance,Rawalpindi,20,Master,Senior,163170,5.4,2016-02-02,False,Full-time,175,24,58,4.8,No,shahzaib.iqbal1150@company.com
1151,Ali Iqbal,Male,unknown,Support,Peshawar,2,MPhil,Junior,,7.4,2021-03-29,False,Full-time,213,9,72,4.4,No,ali.iqbal1151@company.com
1152,Abdullah Butt,Male,23,HR,Multan,3,MPhil,Junior,950000,7.2,2023-08-06,True,Part-time,156,20,20,4.5,No,abdullah.butt1152@company.com
1153,Ahmed Butt,Female,37,HR,Islamabad,17,Bachelor,Junior,99387,,2019-04-03,False,Full-time,230,7,0,1.9,Yes,ahmed.butt1153@company.com
1154,Talha Noor,Female,21,IT,Multan,1,Intermediate,Manager,,7.3,2019-02-19,False,Full-time,153,7,40,2.5,No,
1155,Usman Qureshi,Male,30,HR,Rawalpindi,10,Intermediate,Senior,132781,6.7,2018-10-12,True,Contract,218,29,27,1.3,Yes,usman.qureshi1155@company.com
1156,Shahzaib Ahmed,Female,43,Operations,Islamabad,23,Bachelor,Junior,950000,6.2,2020-05-23,FALSE,Contract,224,20,26,3.1,No,shahzaib.ahmed1156@company.com
1157,Anam Farooq,Female,24,Marketing,Faisalabad,4,Intermediate,Junior,,5.3,2014-04-09,False,Contract,156,25,72,2.7,No,anam.farooq1157@company.com
1158,Ayesha Qureshi,Female,25,IT,Rawalpindi,2,Intermediate,Junior,42743,9.6,2022-12-05,False,Full-time,204,27,54,3.8,Yes,ayesha.qureshi1158@company.com
1159,Mehwish Siddiqui,Male,38,HR,Islamabad,2,Bachelor,Manager,203812,6.6,2015-06-26,False,Full-time,170,4,31,1.3,No,mehwish.siddiqui1159@company.com
1160,Saad Sheikh,Male,40,Finance,Lahore,0,Bachelor,Senior,113266,9.7,2025-09-24,False,Full-time,156,18,15,4.1,Yes,saad.sheikh1160@company.com
1161,Laiba Farooq,Female,54,HR,Islamabad,22,Intermediate,Mid,136412,5.3,2017-09-29,False,Full-time,153,8,29,4.0,Yes,laiba.farooq1161@company.com
1162,Eman Iqbal,Male,36,IT,Faisalabad,11,MPhil,Manager,206984,7.7,2023-05-29,True,Full-time,193,21,34,4.3,No,eman.iqbal1162@company.com
1163,Fatima Siddiqui,Male,32,Marketing,Peshawar,12,Intermediate,Manager,220532,9.2,2020-12-20,False,Full-time,198,1,47,1.8,No,fatima.siddiqui1163@company.com
1164,Maria Chaudhry,Male,50,Support,Rawalpindi,15,Bachelor,Senior,148817,5.7,2023-03-14,True,Full-time,184,1,42,1.0,No,maria.chaudhry1164@company.com
1165,Eman Chaudhry,Female,27,Marketing,Rawalpindi,7,MPhil,Mid,80119,8.5,2016-02-02,True,Contract,206,27,47,2.8,No,eman.chaudhry1165@company.com
1166,Talha Ahmed,Male,46,HR,Rawalpindi,18,Intermediate,Mid,106964,6.4,2021-01-24,False,Full-time,181,21,57,2.1,Yes,talha.ahmed1166@company.com
1167,  Umar Raza  ,Male,Twenty Five,HR,Karachi,10,MPhil,Mid,100031,6.8,2018-08-28,False,Full-time,173,8,11,1.6,No,umar.raza1167@company.com
1168,Taha Chaudhry,Male,34,Support,Karachi,2,Bachelor,Manager,204047,5.2,2020-09-14,False,Contract,162,2,51,4.4,No,taha.chaudhry1168@company.com
1169,Mehwish Noor,Male,50,HR,Peshawar,25,Bachelor,Junior,92433,,2022-12-26,False,Full-time,222,6,74,3.3,No,mehwish.noor1169@company.com
1170,Ahmed Khan,Male,33,Design,LAHORE,4,Intermediate,Lead,161856,5.6,2024-05-04, true ,Full-time,213,28,50,3.0,No,ahmed.khan1170@company.com
1171,Maham Raza,Female,34,Finance,Islamabad,8,MPhil,Lead,160013,8.2,2025-03-10,False,Contract,201,4,11,2.1,Yes,maham.raza1171@company.com
1172,Umar Butt,Male,55,IT,Faisalabad,25,Master,Mid,162881,6.7,2025-04-08, false ,Full-time,163,2,40,3.4,Yes,umar.butt1172@company.com
1173,Laiba Qureshi,Female,24,Design,Rawalpindi,4,Bachelor,Manager,198141,8.2,2019-12-24,True,Full-time,168,25,45,4.7,No,laiba.qureshi1173@company.com
1174,Ayesha Raza,Male,58,Support,,23,Master,Lead,191234,9.6,2017-03-10,True,Contract,203,35,39,1.7,Yes,ayesha.raza1174@company.com
1175,Sara Noor,Male,22,Design,Lahore,2,Bachelor,Lead,147809,9.5,2021-04-04,True,Full-time,215,10,14,4.4,No,sara.noor1175@company.com
1176,Ahmed Malik,Female,58,HR,Islamabad,9,Master,Junior,70413,8.9,2024-12-05,False,Full-time,211,23,28,3.7,No,ahmed.malik1176@company.com
1177,Usman Ali,Female,,Finance,Multan,0,MPhil,Lead,155595,5.2,2021-02-19,True,Full-time,153,32,18,2.3,Yes,usman.ali1177@company.com
1178,Hira Malik,Male,26,Support,Faisalabad,0,Master,Junior,39221,6.7,2016-06-04,True,Full-time,196,100,21,4.5,No,hira.malik1178@company.com
1179,Usman Malik,Female,27,Design,Peshawar,7,Bachelor,Junior,51744,6.4,2021-02-23,False,Part-time,149,22,21,4.6,Yes,usman.malik1179@company.com
1180,Ahmed Siddiqui,Male,42,Design,Multan,0,MPhil,Manager,201900,,2017-07-10,True,Full-time,166,13,52,3.8,No,ahmed.siddiqui1180@company.com
1181,Anam Siddiqui,Female,39,Sales,,3,Intermediate,Mid,86862,5.8,2022-02-03,True,Full-time,177,31,25,1.4,No,anam.siddiqui1181@company.com
1182,Farhan Ali,Male,51,HR,LAHORE,25,MPhil,Mid,149508,,2026-03-16,False,Full-time,188,24,23,,No,farhan.ali1182@company.com
1183,Saad Ali,Male,38,IT,Karachi,18,Intermediate,Junior,99814,,2019-02-07,True,Contract,206,27,68,3.7,No,saad.ali1183@company.com
1184,Talha Aslam,Male,51,Sales,Lhore,12,Intermediate,Mid,115022,8.3,2017-04-22,True,Contract,197,12,21,4.9,No,talha.aslam1184@company.com
1185,Hassan Khan,Female,26,Operations,Karachi,6,Bachelor,Lead,161445,9.5,2015-07-03,1,Full-time,190,21,35,3.1,No,hassan.khan1185@company.com
1186,Ali Qureshi,Female,28,Operations,Karachi,4,Intermediate,Manager,197117,8.9,2026-01-05,False,Contract,173,25,62,3.3,No,ali.qureshi1186@company.com
1187,Ayesha Ali,Female,30,Operations,Lahore,10,Master,Senior,131571,9.5,2022-05-10,No,Full-time,178,20,35,4.4,No,
1188,Komal Ahmed,Male,29,Sales,,9,Master,Junior,80700,8.2,2018-03-20,False,Full-time,192,32,66,4.5,No,komal.ahmed1188@company.com
1189,Danish Qureshi,Male,25,Sales,Multan,5,MPhil,Junior,69999,5.1,2018-04-29,True,Contract,171,3,58,1.2,No,danish.qureshi1189@company.com
1190,Umar Ali,Female,50,Operations,Multan,3,Intermediate,Junior,64868,7.2,2024-08-23,False,Full-time,173,6,36,1.1,Yes,umar.ali1190@company.com
1191,Eman Sheikh,Male,35,Marketing,Multan,6,Master,Senior,114763,9.2,2014-03-14,False,Contract,222,12,76,4.2,No,eman.sheikh1191@company.com
1192,Noor Qureshi,Female,38,Operations,,11,MPhil,Junior,77205,8.3,2022-11-28,True,Full-time,224,24,71,3.6,No,
1193,Maria Butt,Male,51,HR,Islamabad,8,Master,Lead,165462,5.9,2025-08-08,True,Contract,216,26,40,3.7,No,maria.butt1193@company.com
1194,Farhan Tariq,Female,37,Operations,Faisalabad,12,Intermediate,Mid,103875,6.7,2018-12-27,False,Contract,225,23,64,2.2,Yes,farhan.tariq1194@company.com
1195,Komal Aslam,Male,39,HR,,4,Master,Senior,114774,9.6,2021-07-12,True,Full-time,168,20,53,4.2,No,komal.aslam1195@company.com
1196,Bilal Sheikh,Female,50,HR,Faisalabad,1,Intermediate,Mid,80597,5.6,2022-07-24,False,Full-time,159,9,25,2.4,No,bilal.sheikh1196@company.com
1197,Abdullah Aslam,Female,30,Support,Peshawar,10,Bachelor,Senior,135879,8.1,2017-12-19,False,Full-time,140,29,35,1.8,No,user.company.com
1198,Talha Qureshi,Male,52,HR,Karachi,19,MPhil,Senior,160952,9.7,2022-08-07,True,Full-time,165,24,1,4.6,No,talha.qureshi1198@company.com
1199,Danish Noor,Male,21,Marketing,Karachi,1,Master,Mid,76578,7.5,2020-11-12,True,Full-time,145,20,37,2.8,No,danish.noor1199@company.com
1200,Danish Malik,Female,29,Support,Faisalabad,9,Bachelor,Junior,81376,5.1,2019-01-12,True,Full-time,142,33,21,1.5,No,user.company.com
1201,Laiba Khan,Female,37,IT,Rawalpindi,1,Intermediate,Senior,100420,8.4,2023-05-08,False,Full-time,210,17,60,3.8,No,laiba.khan1201@company.com
1202,Komal Butt,Male,40,Operations,Multan,3,Master,Senior,,7.1,2016-05-09,True,Full-time,153,32,25,3.4,No,komal.butt1202@company.com
1203,Taha Siddiqui,Male,43,Operations,karachi,5,Intermediate,Mid,88875,6.6,2014-01-23,True,Full-time,154,32,19,4.8,No,
1204,Ahmed Chaudhry,Male,37,Marketing,Faisalabad,9,Master,Mid,85760,9.3,2020-07-08,False,Contract,180,28,14,1.4,No,ahmed.chaudhry1204@company.com
1205,Sara Khan,Male,31,Support,Islamabad,11,Master,Lead,171100,9.0,2018-02-07,True,Full-time,198,18,49,3.8,No,sara.khan1205@company.com
1206,Maham Butt,Male,28,marketing,Multan,8,Intermediate,Manager,202406,7.0,2024-10-29,False,Full-time,188,23,78,,No,maham.butt1206@company.com
1207,Taha Chaudhry,Male,51,Design,Lahore,13,MPhil,Junior,77651,5.1,2025-10-09,True,Part-time,225,22,66,3.1,No,taha.chaudhry1207@company.com
1208,Fatima Farooq,Male,,Support,Multan,21,MPhil,Junior,128627,9.4,2015-03-24,True,Full-time,160,33,60,4.4,No,fatima.farooq1208@company.com
1209,Ahmed Qureshi,Female,41,Marketing,Islamabad,8,Intermediate,Mid,97823,7.0,2019-04-10,True,Full-time,213,29,11,4.4,No,ahmed.qureshi1209@company.com
1210,Fatima Tariq,Male,unknown,Operations,Faisalabad,1,Intermediate,Lead,160219,9.7,2020-10-31,True,Full-time,198,22,46,4.3,No,fatima.tariq1210@company.com
1211,Eman Tariq,Female,56,Design,Multan,21,Master,Senior,142885,8.7,2018-12-22,True,Full-time,221,19,70,,No,eman.tariq1211@company.com
1212,Sara Aslam,Male,52,Finance,Peshawar,22,MPhil,Junior,110541,5.9,2022-10-24,True,Full-time,164,22,13,4.0,Yes,sara.aslam1212@company.com
1213,Farhan Iqbal,Male,49,Design,Multan,18,Bachelor,Manager,231922,8.6,2026-05-30,False,Contract,201,33,22,3.8,Yes,farhan.iqbal1213@company.com
1214,Taha Raza,Male,45,Support,Rawalpindi,12,MPhil,Manager,228750,6.3,2021-09-09,False,Full-time,157,9,52,3.4,No,taha.raza1214@company.com
1215,Danish Ali,Female,56,Marketing,Karachi,6,Master,Senior,120409,9.8,2023.07.19,False,Full-time,185,31,74,3.3,No,danish.ali1215@company.com
1216,Maham Butt,Female,48,IT,karachi,3,Intermediate,Mid,69578,6.0,2017-08-11,False,Full-time,158,4,37,1.8,No,maham.butt1216@company.com
1217,Hira Iqbal,Female,27,Marketing,,7,MPhil,Junior,70267,8.4,2015-01-20,False,Full-time,227,21,70,1.2,No,hira.iqbal1217@company.com
1218,Umar Sheikh,Female,,Support,Peshawar,15,Bachelor,Senior,139579,7.2,2015-09-03,True,Part-time,205,8,48,1.2,No,umar.sheikh1218@company.com
1219,Bilal Raza,Male,58,marketing,Lahore,10,MPhil,Senior,119478,5.8,2021-03-27,True,Full-time,220,20,62,4.2,No,bilal.raza1219@company.com
1220,Ahmed Qureshi,Female,54,IT,Karachi,16,Intermediate,Senior,144645,7.7,2023-01-18,True,Full-time,167,22,42,2.4,No,
1221,Shahzaib Sheikh,Female,56,IT,Lahore,21,Master,Mid,135404,9.7,2021-03-14,FALSE,Contract,154,25,32,,No,shahzaib.sheikh1221@company.com
1222,Kainat Siddiqui,Female,53,Design,Faisalabad,1,Master,Lead,149690,7.5,2016-02-26,True,Part-time,208,35,0,3.5,No,kainat.siddiqui1222@company.com
1223,Farhan Qureshi,Male,48,HR,lahore,17,MPhil,Senior,135137,5.1,2021-06-10,True,Full-time,146,12,32,3.2,No,farhan.qureshi1223@company.com
1224,Zainab Aslam,Female,47,Operations,Faisalabad,20,MPhil,Mid,111443,8.3,2025/13/10,True,Full-time,219,5,74,1.2,No,zainab.aslam1224@company.com
1225,Hira Aslam,Male,39,Sales,Lhore,2,Master,Senior,114890,6.9,2014-09-10,False,Full-time,168,9,50,4.2,No,employee@company
1226,Maria Butt,Male,40,Support,Lahore,17,Bachelor,Junior,86536,7.9,2026-01-18,True,Full-time,184,14,52,4.6,No,maria.butt1226@company.com
1227,  Hassan Raza  ,Male,35,Sales,Karachi,3,Bachelor,Senior,107665,9.2,2026-04-24,False,Full-time,149,19,8,2.0,No,hassan.raza1227@company.com
1228,Talha Tariq,Female,43,Finance,Multan,20,Bachelor,Junior,100647,9.4,2021-02-16,False,Full-time,218,20,74,1.6,No,talha.tariq1228@company.com
1229,Laiba Malik,Female,31,IT,Islamabad,7,Bachelor,Senior,133074,6.4,2022-01-23,True,Full-time,182,31,59,2.8,No,laiba.malik1229@company.com
1230,Iqra Siddiqui,Male,,HR,Peshawar,8,Bachelor,Lead,163241,8.6,2023.07.19,True,Contract,204,2,74,3.3,No,iqra.siddiqui1230@company.com
1231,Umar Aslam,Male,56,Sales,Rawalpindi,17,MPhil,Senior,144755,6.9,2020-07-11,True,Full-time,205,6,50,2.5,Yes,umar.aslam1231@company.com
1232,Zainab Iqbal,Male,53,Finance,Faisalabad,5,Bachelor,Mid,81580,8.6,2024-11-04,False,Full-time,202,15,8,2.1,No,zainab.iqbal1232@company.com
1233,Komal Noor,Female,45,Design,Faisalabad,1,Intermediate,Manager,187845,8.4,2025-09-11,False,Contract,173,35,72,1.7,No,komal.noor1233@company.com
1234,Hira Sheikh,Male,54,Sales,Faisalabad,7,MPhil,Mid,95495,8.9,2014-02-24,True,Full-time,169,5,65,3.6,No,hira.sheikh1234@company.com
1235,Ayesha Raza,Female,28,Marketing,Faisalabad,8,Master,Senior,134977,7.3,2017-08-13,False,Full-time,145,9,73,3.4,Yes,ayesha.raza1235@company.com
1236,Danish Khan,Male,24,Finance,Islamabad,4,MPhil,Mid,74426,,2020-05-11,True,Full-time,217,31,61,1.7,No,danish.khan1236@company.com
1237,Noor Raza,Male,53,Sales,Karachi,23,Master,Manager,270835,5.3,2022-06-26,False,Full-time,142,13,66,4.4,No,noor.raza1237@company.com
1238,Maham Iqbal,Male,27,Finance,Faisalabad,7,Intermediate,Lead,173709,,2016-02-03,False,Full-time,217,35,0,4.6,No,maham.iqbal1238@company.com
1239,Farhan Farooq,Female,44,IT,Multan,16,MPhil,Junior,107886,8.9,2022-07-21,False,Full-time,229,7,54,1.5,No,farhan.farooq1239@company.com
1240,Zainab Aslam,Male,39,Operations,Islamabad,6,Intermediate,Senior,117729,7.8,2016-08-23,True,Full-time,166,21,52,2.4,Yes,zainab.aslam1240@company.com
1241,Farhan Sheikh,Female,37,Operations,Rawalpindi,11,Master,Manager,217417,7.0,2026-07-04,False,Full-time,211,31,32,5.0,No,
1242,Shahzaib Chaudhry,Female,29,HR,Multan,7,MPhil,Senior,115202,6.1,2022-12-26,No,Contract,218,4,20,2.6,No,shahzaib.chaudhry1242@company.com
1243,Laiba Ahmed,Male,51, Sales,Lahore,2,Master,Junior,60882,5.2,2022-08-15,False,Full-time,206,19,76,1.2,No,laiba.ahmed1243@company.com
1244,Ayesha Butt,Female,49,IT,Karachi,21,Master,Junior,128149,7.5,2019-03-13,True,Full-time,186,16,0,4.9,Yes,ayesha.butt1244@company.com
1245,Bilal Qureshi,Female,43,Operations,Faisalabad,18,Bachelor,Mid,123810,9.5,2026-04-30,False,Full-time,211,23,44,4.9,No,bilal.qureshi1245@company.com
1246,Noor Noor,Female,46,IT,Karach,5,MPhil,Mid,79091,7.5,2021-08-17,True,Contract,172,35,73,2.0,No,noor.noor1246@company.com
1247,Usman Sheikh,Female,36,Support,Peshawar,14,MPhil,Lead,178777,5.6,2015-07-08,False,Full-time,168,15,40,2.6,No,usman.sheikh1247@company.com
1248,Mehwish Khan,Female,36,Sales,Lahore,12,Master,Junior,,6.5,31-02-2020,False,Full-time,227,13,63,3.9,No,mehwish.khan1248@company.com
1249,Zainab Iqbal,Female,34,Marketing,Karachi,7,Master,Junior,55054,9.5,2025-01-18,True,Full-time,209,3,61,2.5,No,zainab.iqbal1249@company.com
1250,Abdullah Aslam,Female,52,Finance,Peshawar,16,Master,Mid,134272,,2025-10-16,False,Full-time,209,3,64,,No,abdullah.aslam1250@company.com
1251,Shahzaib Raza,Female,28,Design,Islamabad,8,Intermediate,Junior,67281,7.8,2021-04-19,False,Full-time,173,12,70,2.1,No,shahzaib.raza1251@company.com
1252,Noor Malik,Female,32,Design,Faisalabad,6,MPhil,Senior,124334,9.2,2020-04-09,No,Full-time,156,15,12,,No,noor.malik1252@company.com
1253,Mehwish Farooq,Female,33,Finance,Peshawar,13,Bachelor,Mid,91434,7.1,2017-01-06,False,Full-time,178,17,71,4.4,Yes,mehwish.farooq1253@company.com
1254,Fatima Chaudhry,Male,24,Marketing,,4,MPhil,Lead,159728,8.6,2019-10-30,False,Full-time,211,17,44,1.1,Yes,no_email
1255,Eman Butt,Male,,Finance,Peshawar,9,Master,Mid,103579,8.8,2024-01-10,True,Full-time,176,30,80,4.8,No,eman.butt1255@company.com
1256,Farhan Qureshi,Female,47,Operations,Peshawar,2,Intermediate,Junior,51806,6.6,2020-07-14,False,Full-time,190,18,56,4.1,No,farhan.qureshi1256@company.com
1257,Anam Sheikh,Female,47,Finance,Karachi,0,Bachelor,Senior,105245,9.6,2015-10-18,True,Full-time,153,7,8,4.7,No,anam.sheikh1257@company.com
1258,Sara Khan,Female,54,support ,Lahore,8,Bachelor,Junior,67921,6.1,2020-05-16,False,Full-time,156,34,21,1.1,No,sara.khan1258@company.com
1259,Eman Aslam,Female,51,Design,Peshawar,17,Master,Mid,114963,5.9,2024-03-29,False,Full-time,221,35,39,4.6,No,eman.aslam1259@company.com
1260,Zainab Qureshi,Male,49,Sales,Islamabad,13,Master,Junior,60676,7.6,2017-01-21,False,Full-time,208,1,62,4.8,No,zainab.qureshi1260@company.com
1261,Ali Qureshi,Female,39,Marketing,Peshawar,0,Master,Junior,51323,6.9,2017-08-30,False,Contract,168,17,10,2.7,No,invalid-email
1262,Shahzaib Qureshi,Female,39,Sales,Faisalabad,6,Intermediate,Junior,54974,8.1,2024-02-27,False,Full-time,202,13,41,1.1,Yes,shahzaib.qureshi1262@company.com
1263,Mehwish Khan,Male,27,Sales,Islamabad,4,MPhil,Senior,109059,5.7,2025-01-26,True,Full-time,179,32,47,2.9,No,employee@company
1264,Hamza Ahmed,Male,,Sales,,4,Intermediate,Mid,,9.4,2019-08-11,False,Contract,155,16,49,,No,hamza.ahmed1264@company.com
1265,Anam Khan,Male,50,HR,Rawalpindi,21,Bachelor,Mid,139322,9.6,2017-07-23,True,Full-time,210,34,15,2.0,No,anam.khan1265@company.com
1266,Umar Malik,Male,34,HR,Karachi,14,MPhil,Mid,101035,7.9,2022-11-17,True,Full-time,145,31,76,1.6,No,umar.malik1266@company.com
1267,Zainab Raza,Female,26,Support,Peshawar,6,Intermediate,Junior,60763,8.4,2016-05-29,True,Full-time,180,23,56,3.9,Yes,zainab.raza1267@company.com
1268,Usman Malik,Male,37,IT,Faisalabad,17,MPhil,Mid,127546,5.9,2018-03-09,False,Full-time,199,18,76,4.7,No,usman.malik1268@company.com
1269,Ahmed Siddiqui,Male,49,Sales,,8,Master,Mid,105691,6.9,31-02-2020,True,Full-time,186,16,41,3.9,No,ahmed.siddiqui1269@company.com
1270,Mehwish Iqbal,Female,33,Design,Peshawar,13,Bachelor,Senior,142408,8.1,2016-06-23,True,Full-time,148,3,16,1.7,Yes,mehwish.iqbal1270@company.com
1271,Fatima Tariq,Male,,IT,Rawalpindi,7,MPhil,Senior,136474,6.3,2022-03-21,True,Full-time,149,1,26,,No,fatima.tariq1271@company.com
1272,Taha Ahmed,Female,24,Support,Rawalpindi,4,MPhil,Lead,152614,9.0,2019-12-18,True,Full-time,178,5,27,4.8,Yes,taha.ahmed1272@company.com
1273,Anam Noor,Female,,Marketing,Rawalpindi,13,Bachelor,Mid,108456,8.7,2023-04-25,True,Full-time,213,23,58,3.8,No,@company.com
1274,Fatima Raza,Male,,Operations,Rawalpindi,10,Bachelor,Mid,106796,9.6,2021-01-25,False,Contract,192,28,41,3.4,No,fatima.raza1274@company.com
1275,Umar Farooq,Female,44,Design,Faisalabad,12,Intermediate,Senior,145105,5.1,2017-01-11,False,Full-time,168,14,40,1.1,No,
1276,Raza Iqbal,Female,56,Finance,Lahore,1,MPhil,Mid,one lakh,6.8,2019-08-09,True,Full-time,178,6,73,2.6,No,raza.iqbal1276@company.com
1277,Anam Ahmed,Female,51,Finance,Faisalabad,22,Intermediate,Mid,,8.6,2022-07-23,True,Full-time,182,23,55,2.7,No,anam.ahmed1277@company.com
1278,Eman Qureshi,Male,21,Operations,Lahore,1,Intermediate,Mid,69857,6.6,2018-12-14,True,Full-time,190,29,76,3.3,Yes,eman.qureshi1278@company.com
1279,Maham Ali,Female,30,Finance,Islamabad,2,MPhil,Mid,83761,7.0,2015-11-28,False,Full-time,229,9,17,2.9,No,maham.ali1279@company.com
1280,Usman Butt,Male,56,Marketing,Karachi,2,Master,Senior,120798,5.4,2023-04-12,False,Full-time,164,21,44,3.4,Yes,usman.butt1280@company.com
1281,Maria Raza,Female,49,Finance,Faisalabad,1,Bachelor,Junior,44676,8.7,2015-12-04,True,Full-time,171,10,36,1.1,No,maria.raza1281@company.com
1282,Fatima Ali,Female,51,IT,Islamabad,6,Bachelor,Junior,62701,7.7,2017-03-03,True,Full-time,224,34,5,2.0,Yes,fatima.ali1282@company.com
1283,  Umar Qureshi  ,Female,24,Design,Multan,0,Intermediate,Mid,950000,9.2,2014-06-06,Yes,Contract,223,25,29,4.9,No,umar.qureshi1283@company.com
1284,Raza Ahmed,Female,52,HR,Karachi,6,MPhil,Mid,82258,5.2,2025-11-15,False,Full-time,190,11,2,2.4,No,raza.ahmed1284@company.com
1285,Farhan Ali,Male,53,Sales,Peshawar,1,Master,Lead,141433,9.6,2020-04-14,True,Full-time,190,9,11,3.9,No,farhan.ali1285@company.com
1286,Komal Sheikh,Male,47,Marketing,Rawalpindi,4,MPhil,Manager,204946,7.2,2016-12-15,True,Full-time,214,35,25,4.5,No,komal.sheikh1286@company.com
1287,Raza Aslam,Male,48,Finance,Multan,18,Bachelor,Mid,132402,9.6,2016-08-27,True,Full-time,158,2,40,4.5,No,raza.aslam1287@company.com
1288,Maham Ali,Female,38,Finance,Peshawar,6,Intermediate,Junior,56862,8.0,2019-03-07,True,Full-time,143,23,10,3.8,No,no_email
1289,Danish Iqbal,Female,44,Finance,Peshawar,12,MPhil,Mid,93952,6.1,2023-03-02,True,Contract,192,15,25,4.0,Yes,danish.iqbal1289@company.com
1290,Kainat Tariq,Female,41,Design,Karachi,13,MPhil,Senior,149049,8.5,2022-11-03,True,Full-time,197,30,5,4.5,No,kainat.tariq1290@company.com
1291,Mehwish Farooq,Male,56,Operations,Rawalpindi,24,Intermediate,Junior,114842,9.3,2020-05-31,False,Full-time,177,4,66,4.6,No,mehwish.farooq1291@company.com
1292,Farhan Tariq,Male,53,HR,Karachi,24,Bachelor,Mid,,5.1,2024-03-05,True,Contract,151,17,41,3.8,No,farhan.tariq1292@company.com
1293,Laiba Raza,Male,26,HR,Multan,6,Master,Junior,69073,8.6,2025-06-23,True,Full-time,188,3,21,4.6,No,laiba.raza1293@company.com
1294,Komal Iqbal,Male,31,Finance,Karachi,11,Intermediate,Mid,103385,6.4,2018-01-20,True,Contract,165,1,79,4.1,Yes,komal.iqbal1294@company.com
1295,Iqra Iqbal,Female,55,IT,Rawalpindi,15,Bachelor,Junior,99838,7.2,2023-11-29,True,Full-time,140,16,70,2.1,No,iqra.iqbal1295@company.com
1296,Taha Iqbal,Male,24,Finance,Karachi,1,Master,Junior,57808,9.1,2020-09-10,False,Contract,146,7,53,5.0,Yes,taha.iqbal1296@company.com
1297,Maria Sheikh,Male,50,Support,Lahore,2,Master,Mid,69369,8.7,2026-05-07,True,Full-time,157,8,35,2.3,No,maria.sheikh1297@company.com
1298,  Umar Chaudhry  ,Male,24,HR,Rawalpindi,4,Intermediate,Mid,94657,9.6,2020-06-10,False,Full-time,180,17,67,3.3,No,umar.chaudhry1298@company.com
1299,Kainat Raza,Female,54,Design,Faisalabad,25,Bachelor,Lead,203418,9.8,2014-01-13,True,Full-time,220,8,26,4.2,No,kainat.raza1299@company.com
1300,Maham Khan,Female,43,Marketing,Lahore,20,Bachelor,Senior,145642,6.5,2025-05-13,False,Full-time,154,22,43,2.6,No,maham.khan1300@company.com
1301,Ali Iqbal,Male,33,Support,Peshawar,10,MPhil,Lead,172485,8.2,2024-10-19,True,Full-time,208,22,59,4.1,No,ali.iqbal1301@company.com
1302,Anam Khan,Female,57,Support,Rawalpindi,17,Intermediate,Junior,102320,8.9,2021-12-06,True,Part-time,175,2,43,4.9,No,anam.khan1302@company.com
1303,Taha Raza,Female,32,IT,Peshawar,12,Master,Senior,127364,6.3,2015-12-13,False,Contract,187,29,38,1.9,No,taha.raza1303@company.com
1304,Fatima Malik,Male,33,HR,Faisalabad,13,Intermediate,Senior,138760,5.9,2024-11-04,False,Full-time,158,7,66,3.7,Yes,fatima.malik1304@company.com
1305,Anam Khan,Female,45,HR,Lahore,9,Intermediate,Senior,127006,6.6,2015-01-13,True,Full-time,224,20,2,3.3,No,anam.khan1305@company.com
1306,Abdullah Noor,Female,33,Marketing,Islamabad,8,Master,Senior,126247,6.3,2017-07-14,False,Full-time,219,33,13,1.8,No,abdullah.noor1306@company.com
1307,Hamza Ali,Male,39,Marketing,Karachi,2,Master,Senior,119699,7.2,2016-12-01,True,Full-time,226,4,13,2.5,Yes,hamza.ali1307@company.com
1308,Usman Raza,Female,43,Sales,Islamabad,6,Intermediate,Manager,217341,7.8,2016-02-01,False,Full-time,179,30,60,1.9,No,usman.raza1308@company.com
1309,Eman Aslam,Female,44,Operations,Karachi,22,Master,Senior,166083,7.4,2015-06-20,False,Full-time,201,30,21,2.1,No,eman.aslam1309@company.com
1310,  Talha Raza  ,Male,46,HR,Islamabad,17,Intermediate,Senior,161252,7.0,2023-04-10,True,Full-time,210,300,61,2.5,No,talha.raza1310@company.com
1311,Taha Chaudhry,Female,,Support,Rawalpindi,22,Bachelor,Junior,109314,8.6,2024-11-30, true ,Full-time,199,21,71,1.4,No,taha.chaudhry1311@company.com
1312,Maria Farooq,Male,,Operations,Islamabad,7,Intermediate,Junior,65863,9.3,2014-01-02,True,Full-time,197,35,37,2.6,No,maria.farooq1312@company.com
1313,Umar Noor,Female,40, it ,Faisalabad,20,Master,Manager,242126,8.0,2025-06-13,False,Contract,177,4,47,4.6,No,umar.noor1313@company.com
1314,Ali Chaudhry,Female,Thirty,Sales,Peshawar,0,Bachelor,Mid,74919,8.1,2022-08-02,False,Full-time,209,14,22,2.9,No,ali.chaudhry1314@company.com
1315,Usman Iqbal,Female,47,Finance,Islamabad,21,Bachelor,Junior,78380,5.7,2024-12-01,False,Part-time,157,6,17,3.6,No,usman.iqbal1315@company.com
1316,Saad Aslam,Female,,Design,Rawalpindi,12,MPhil,Mid,95232,,2014-03-02,False,Contract,170,33,34,2.6,No,saad.aslam1316@company.com
1317,Hira Khan,Male,57,Design,Multan,11,Intermediate,Mid,99977,,2025-10-22,False,Full-time,150,34,78,1.4,No,hira.khan1317@company.com
1318,Anam Butt,Male,55,Sales,Rawalpindi,1,Master,Mid,79185,7.2,2024-07-10,False,Full-time,177,19,21,1.1,No,anam.butt1318@company.com
1319,Anam Ali,Female,24,Design,Rawalpindi,4,Intermediate,Senior,107482,6.4,2015-11-07,True,Full-time,175,17,16,3.5,No,anam.ali1319@company.com
1320,Bilal Khan,Male,32,Finance,Multan,12,Master,Lead,172759,7.4,2025-10-30,True,Full-time,150,10,76,4.7,Yes,bilal.khan1320@company.com
1321,  Iqra Qureshi  ,Female,45,Marketing,Multan,14,Bachelor,Junior,94549,5.3,2019-12-06,True,Full-time,199,26,60,2.2,No,iqra.qureshi1321@company.com
1322,Shahzaib Aslam,Male,45,Operations,Faisalabad,8,Bachelor,Mid,83908,6.4,2024-01-25,False,Full-time,207,3,12,4.7,No,shahzaib.aslam1322@company.com
1323,  Eman Farooq  ,Female,42,Finanace,Islamabad,22,Intermediate,Junior,115729,7.3,31-02-2020,True,Full-time,226,12,40,3.2,No,eman.farooq1323@company.com
1324,Taha Ahmed,Male,47,HR,Rawalpindi,3,MPhil,Mid,,6.2,2014-10-06,True,Full-time,147,300,76,3.6,No,taha.ahmed1324@company.com
1325,  Fatima Ahmed  ,Male,45,marketing,Lahore,22,Bachelor,Junior,100113,8.1,2020-03-14,False,Full-time,225,21,32,1.6,Yes,fatima.ahmed1325@company.com
1326,Shahzaib Khan,Female,45,Support,Lahore,8,Master,Junior,68648,9.8,2018-07-02,False,Full-time,202,7,18,3.2,No,shahzaib.khan1326@company.com
1327,Noor Butt,Male,49,Sales,Lahore,1,Intermediate,Junior,48501,8.8,2014-06-03,False,Full-time,221,1,4,3.7,No,noor.butt1327@company.com
1328,Raza Malik,Female,57,IT,Rawalpindi,22,MPhil,Mid,122091,7.6,2014-01-28,False,Part-time,201,8,72,3.1,No,raza.malik1328@company.com
1329,Hamza Butt,Female,46,IT,Multan,20,Intermediate,Mid,114556,9.1,2020-07-03,True,Full-time,145,25,24,2.2,No,hamza.butt1329@company.com
1330,Fatima Butt,Female,52,HR,Multan,14,Bachelor,Junior,,8.5,2019-05-08,False,Full-time,209,20,63,3.1,No,fatima.butt1330@company.com
1331,Saad Khan,Male,42,IT,Islamabad,22,Intermediate,Mid,128267,7.2,2026-01-13,True,Full-time,169,5,4,3.9,No,saad.khan1331@company.com
1332,Ali Tariq,Male,36,Finance,Lahore,5,Intermediate,Lead,157588,7.2,2017-10-30,True,Contract,153,8,63,3.4,No,ali.tariq1332@company.com
1333,Ahmed Qureshi,Male,48,Support,Peshawar,23,MPhil,Mid,154496,7.7,2021-03-19,True,Full-time,215,150,42,1.3,No,ahmed.qureshi1333@company.com
1334,Shahzaib Farooq,Male,44,Finance,Faisalabad,7,Intermediate,Junior,73265,8.8,2014-05-09,False,Full-time,140,12,11,3.8,No,shahzaib.farooq1334@company.com
1335,  Maria Farooq  ,Female,29,Marketing,Karachi,9,Master,Mid,93626,9.6,2014-11-05,True,Full-time,218,6,80,4.3,No,maria.farooq1335@company.com
1336,Maham Khan,Male,33,HR,Rawalpindi,3,Master,Lead,162346,6.1,2018-09-01,False,Full-time,154,10,60,3.0,Yes,maham.khan1336@company.com
1337,Kainat Khan,Male,44,Sales,ISLAMABAD,13,Master,Mid,one lakh,5.2,2015-03-06,True,Full-time,143,32,65,1.5,No,
1338,Anam Tariq,Female,47,Marketing,Multan,21,Master,Junior,90211,6.1,2019-04-27,False,Contract,188,15,9,2.9,No,anam.tariq1338@company.com
1339,Abdullah Farooq,Male,,Design,Karachi,12,Master,Junior,82650,8.1,2020-01-19,True,Full-time,144,4,35,1.5,No,abdullah.farooq1339@company.com
1340,Saad Farooq,Male,42,Marketing,Islamabad,19,Bachelor,Senior,161582,7.8,2026-05-26,True,Full-time,206,32,27,3.4,No,saad.farooq1340@company.com
1341,Bilal Khan,Female,36,Marketing,LAHORE,13,Bachelor,Lead,181024,9.5,2014-02-11,False,Part-time,145,31,64,1.1,No,bilal.khan1341@company.com
1342,Iqra Qureshi,Male,49, it ,Lhore,2,Intermediate,Senior,109407,5.7,2020-08-20,True,Full-time,151,2,61,3.7,Yes,iqra.qureshi1342@company.com
1343,Saad Iqbal,Male,50,Design,Peshawar,4,MPhil,Junior,62446,8.4,2014-01-12,1,Full-time,228,22,67,1.1,No,saad.iqbal1343@company.com
1344,Bilal Chaudhry,Male,26,Support,Multan,1,Master,Lead,151575,6.8,2014-12-01,False,Full-time,222,5,71,3.8,No,bilal.chaudhry1344@company.com
1345,Hamza Noor,Male,51,Marketing,Peshawar,23,Bachelor,Mid,132481,8.3,2020-03-20,True,Full-time,184,29,62,3.0,No,hamza.noor1345@company.com
1346,Iqra Chaudhry,Female,49,Support,,21,Intermediate,Junior,97337,5.4,2018-01-04,False,Part-time,149,7,21,2.1,No,iqra.chaudhry1346@company.com
1347,Iqra Raza,Male,,IT,Islamabad,13,Bachelor,Mid,111124,8.6,2014-06-25,False,Full-time,142,15,66,3.6,No,iqra.raza1347@company.com
1348,Hamza Butt,Female,52,Design,,9,Bachelor,Lead,164470,8.9,2019-02-01,False,Full-time,176,4,18,2.4,No,hamza.butt1348@company.com
1349,Ayesha Sheikh,Male,55,Sales,Karachi,5,Bachelor,Junior,48543,9.9,2016-11-02,False,Full-time,163,14,71,3.8,No,ayesha.sheikh1349@company.com
1350,Hira Raza,Female,49,Finance,Rawalpindi,9,Intermediate,Manager,222016,8.8,2024-04-10,No,Full-time,209,33,42,3.6,No,hira.raza1350@company.com
1351,Abdullah Ali,Male,,Design,Islamabad,22,Intermediate,Senior,142972,8.3,2016-08-15,False,Full-time,219,15,57,2.4,No,user.company.com
1352,Noor Butt,Male,58,Marketing,Peshawar,24,Master,Junior,101946,9.2,2015-12-17,False,Full-time,180,33,7,4.6,No,noor.butt1352@company.com
1353,Hassan Chaudhry,Female,44,Operations,Islamabad,0,Master,Mid,76600,9.3,2015-12-19,True,Full-time,196,27,56,2.2,No,hassan.chaudhry1353@company.com
1354,Abdullah Farooq,Female,29,HR,Karachi,6,Master,Mid,90240,5.3,2022-06-06,True,Full-time,221,18,53,1.7,No,abdullah.farooq1354@company.com
1355,Talha Qureshi,Male,33,Finance,Peshawar,12,Master,Mid,94527,9.1,2020-10-25,False,Full-time,199,15,3,4.2,Yes,talha.qureshi1355@company.com
1356,Maria Butt,Female,28,Sales,Faisalabad,5,MPhil,Lead,160619,5.1,2020-03-20,False,Part-time,148,24,74,2.9,No,maria.butt1356@company.com
1357,Bilal Butt,Female,28,Support,Rawalpindi,8,Intermediate,Lead,173123,5.3,2021-03-03,False,Contract,157,23,20,1.2,No,bilal.butt1357@company.com
1358,Farhan Aslam,Female,,Sales,Islamabad,4,Intermediate,Mid,81480,8.7,2017-10-01,False,Contract,227,20,34,3.7,No,farhan.aslam1358@company.com
1359,Fatima Siddiqui,Female,30,marketing,Karachi,10,Master,Mid,103430,6.7,2017-08-28,True,Full-time,204,15,24,4.2,No,fatima.siddiqui1359@company.com
1360,Raza Iqbal,Male,,Design,Lahore,3,Bachelor,Manager,201756,6.5,2022-02-18,True,Contract,216,34,43,1.7,No,raza.iqbal1360@company.com
1361,Anam Iqbal,Male,35,Finance,Peshawar,15,Bachelor,Senior,137542,6.0,2015-10-06,False,Full-time,154,5,2,4.1,No,anam.iqbal1361@company.com
1362,Sara Noor,Male,23, Sales,Faisalabad,3,Master,Junior,44587,8.7,2016-10-11,True,Full-time,165,12,44,1.1,Yes,sara.noor1362@company.com
1363,Anam Ali,Female,43,Finance,Peshawar,16,Bachelor,Mid,1250000,9.0,2014-04-25,True,Full-time,176,11,68,1.0,No,anam.ali1363@company.com
1364,Kainat Noor,Female,44,Finance,Karach,21,Intermediate,Junior,102485,7.1,2025-07-14,True,Full-time,180,8,59,1.4,Yes,kainat.noor1364@company.com
1365,Shahzaib Malik,Female,56,IT,Lahore,10,MPhil,Junior,75773,7.9,2020-12-30,False,Full-time,192,19,54,1.8,Yes,shahzaib.malik1365@company.com
1366,Taha Qureshi,Female,,Finance,Lahore,21,MPhil,Senior,166185,7.6,2015-11-28,True,Full-time,191,7,21,1.3,No,taha.qureshi1366@company.com
1367,Hamza Noor,Female,28,Marketing,Peshawar,8,MPhil,Junior,82156,7.9,2022-12-23,False,Full-time,217,26,62,3.0,Yes,hamza.noor1367@company.com
1368,Saad Ahmed,Male,37,Design,Faisalabad,7,Bachelor,Junior,61908,9.1,2025/13/10,True,Part-time,188,21,19,2.2,No,saad.ahmed1368@company.com
1369,Shahzaib Ahmed,Female,50,Marketing,Islamabad,21,MPhil,Mid,128809,6.7,2026-02-15,True,Part-time,144,28,15,2.5,No,shahzaib.ahmed1369@company.com
1370,Usman Tariq,Female,Thirty,IT,Karachi,3,Master,Lead,159512,7.1,2021-01-03,False,Full-time,154,32,70,,No,usman.tariq1370@company.com
1371,Iqra Siddiqui,Male,53,IT,Faisalabad,8,MPhil,Mid,94143,8.8,2020-05-19,False,Full-time,215,3,16,4.3,No,iqra.siddiqui1371@company.com
1372,Anam Sheikh,Male,42,Operations,Lahore,13,Master,Manager,227869,5.3,2019-06-24,True,Full-time,179,6,8,4.5,Yes,anam.sheikh1372@company.com
1373,Ayesha Khan,Female,23,Design,Multan,3,MPhil,Junior,62066,7.9,2021-02-05,False,Full-time,181,7,62,1.4,No,ayesha.khan1373@company.com
1374,Hamza Tariq,Female,31, Sales,Islamabad,11,Bachelor,Mid,102000,9.1,2026-01-07,True,Full-time,146,20,73,2.6,No,hamza.tariq1374@company.com
1375,Anam Ahmed,Male,58,Support,Islamabad,2,MPhil,Mid,69534,8.2,2020-10-08,False,Full-time,209,21,25,2.7,No,anam.ahmed1375@company.com
1376,Danish Tariq,Male,22,Finance,Rawalpindi,2,Bachelor,Senior,119286,6.3,2025-12-13,False,Contract,220,4,66,1.8,No,danish.tariq1376@company.com
1377,Zainab Raza,Female,48,Operations,Islamabad,2,Bachelor,Lead,151097,8.2,2019-10-02,True,Full-time,154,10,24,1.1,No,zainab.raza1377@company.com
1378,Maria Tariq,Female,56,Operations,Faisalabad,20,Intermediate,Junior,,5.1,2020-03-25,True,Full-time,145,32,2,1.2,No,maria.tariq1378@company.com
1379,Hamza Sheikh,Female,,Operations,Islamabad,5,Intermediate,Mid,83020,6.2,2025-03-22,True,Full-time,214,34,32,3.0,Yes,hamza.sheikh1379@company.com
1380,Noor Ahmed,Female,42,Operations,Peshawar,22,Bachelor,Manager,236139,5.5,2018-10-20,0,Full-time,172,4,62,3.1,No,noor.ahmed1380@company.com
1381,Fatima Malik,Female,51,Marketing, Multan ,25,Bachelor,Mid,155675,9.0,2014-06-22,True,Contract,224,4,30,2.0,No,fatima.malik1381@company.com
1382,Farhan Chaudhry,Female,,Marketing,Peshawar,8,MPhil,Junior,66205,6.5,2019-04-13,False,Full-time,160,29,80,2.3,No,farhan.chaudhry1382@company.com
1383,Farhan Farooq,Male,38,HR,LAHORE,18,MPhil,Mid,120512,8.5,2016-04-02,True,Full-time,204,5,45,2.7,No,farhan.farooq1383@company.com
1384,Mehwish Chaudhry,Female,,IT,Peshawar,1,Bachelor,Senior,104879,5.0,2018-06-28,False,Full-time,150,8,20,2.0,No,mehwish.chaudhry1384@company.com
1385,Shahzaib Iqbal,Male,47,Support,Faisalabad,15,Bachelor,Junior,104537,9.1,2020-04-27,True,Full-time,187,12,50,4.5,No,user.company.com
1386,  Abdullah Sheikh  ,Male,22,IT,Rawalpindi,2,Bachelor,Lead,148990,6.3,2017-10-14,True,Full-time,194,17,19,1.4,No,abdullah.sheikh1386@company.com
1387,Talha Ahmed,Male,54,Operations,Peshawar,14,MPhil,Junior,89310,5.9,2019-12-21,False,Full-time,188,9,55,4.4,No,talha.ahmed1387@company.com
1388,Taha Ali,Male,47,Finance,Faisalabad,25,Bachelor,Junior,103116,8.0,2019-07-28,False,Full-time,222,30,10,1.0,Yes,taha.ali1388@company.com
1389,Hamza Chaudhry,Female,34,Operations,Multan,13,Master,Junior,77145,5.3,2019-04-08,False,Contract,217,3,0,2.0,No,hamza.chaudhry1389@company.com
1390,Maria Farooq,Female,29,IT,Rawalpindi,5,Master,Junior,62159,9.3,2016-12-16,True,Full-time,207,28,18,2.0,No,maria.farooq1390@company.com
1391,Hassan Tariq,Female,44,Operations,Islamabad,8,Master,Mid,88942,6.5,2025-01-07,True,Full-time,224,29,6,1.8,Yes,hassan.tariq1391@company.com
1392,Ayesha Khan,Female,37,Finance,,14,MPhil,Junior,77718,7.2,2026-07-31,False,Full-time,154,10,15,2.4,No,ayesha.khan1392@company.com
1393,Maria Raza,Male,53,Sales,Rawalpindi,21,Bachelor,Mid,,8.8,2018-01-19,False,Contract,171,32,12,4.5,Yes,maria.raza1393@company.com
1394,Komal Butt,Male,46,Support,Rawalpindi,3,Master,Junior,57978,9.1,2024-10-05,False,Full-time,174,1,42,4.9,No,
1395,Saad Malik,Male,34,IT,Peshawar,14,Master,Mid,91099,7.7,2022-07-22,TRUE,Full-time,162,16,51,1.4,No,saad.malik1395@company.com
1396,Ayesha Farooq,Female,39,Finance,Lahore,9,MPhil,Lead,176924,9.4,2016-12-11,False,Full-time,187,33,25,3.0,No,ayesha.farooq1396@company.com
1397,Iqra Ali,Female,26,Operations,Peshawar,6,Bachelor,Mid,81077,5.2,2021-08-31,False,Full-time,222,10,63,3.1,No,iqra.ali1397@company.com
1398,Ahmed Ali,Female,48,HR,Peshawar,15,Master,Junior,77758,9.1,2025-09-25,False,Full-time,146,5,5,3.1,No,ahmed.ali1398@company.com
1399,Maham Ahmed,Female,57,Sales,Islamabad,8,Intermediate,Senior,115397,8.6,2024-05-19,True,Full-time,190,3,10,2.7,No,maham.ahmed1399@company.com
1400,Hamza Sheikh,Female,49,Sales,Islamabad,25,Bachelor,Junior,105793,6.3,2016-05-21,False,Full-time,140,26,14,1.1,No,user.company.com
1401,Saad Chaudhry,Female,52,Finanace,Rawalpindi,19,Master,Senior,170990,8.9,2015-12-19,True,Full-time,164,8,2,3.8,No,saad.chaudhry1401@company.com
1402,Ali Noor,Female,30,Marketing,Faisalabad,10,Bachelor,Junior,85945,5.7,2023-06-19,True,Full-time,159,29,62,2.9,No,ali.noor1402@company.com
1403,Talha Noor,Male,39,Operations,Lahore,10,Intermediate,Junior,83748,9.8,2025-02-12,False,Full-time,191,32,65,3.4,No,talha.noor1403@company.com
1404,Komal Aslam,Female,35,IT,Rawalpindi,0,MPhil,Mid,64081,6.3,2023-05-11,False,Full-time,219,23,57,3.8,Yes,komal.aslam1404@company.com
1405,Maria Chaudhry,Male,51,Support,Faisalabad,7,Bachelor,Mid,95527,9.5,2024-07-04,True,Contract,189,27,46,4.2,No,maria.chaudhry1405@company.com
1406,Eman Raza,Male,39,HR,Multan,15,Bachelor,Junior,88649,7.4,2023-05-01,False,Full-time,166,4,2,2.4,No,eman.raza1406@company.com
1407,Komal Raza,Male,53,IT,Peshawar,2,Master,Mid,75556,5.6,2019-01-10,False,Full-time,183,23,5,4.1,No,komal.raza1407@company.com
1408,Abdullah Raza,Male,24,Design,Peshawar,4,Intermediate,Manager,215577,8.8,2016-04-14,True,Full-time,161,8,26,4.6,Yes,abdullah.raza1408@company.com
1409,Maria Chaudhry,Female,53,Design,Multan,3,Bachelor,Senior,108969,5.6,2018-07-12,False,Part-time,140,16,60,2.4,No,maria.chaudhry1409@company.com
1410,Ahmed Ali,Female,47,Support,Multan,21,Bachelor,Junior,124558,7.1,2019-02-13,True,Contract,192,27,58,4.8,No,ahmed.ali1410@company.com
1411,Komal Malik,Male,49,Finance,Peshawar,0,Intermediate,Junior,50161,9.8,2017-09-08,False,Full-time,144,10,73,1.2,No,komal.malik1411@company.com
1412,Raza Qureshi,Female,47,Operations,Multan,22,Master,Senior,162001,5.0,2020-04-10,True,Full-time,197,14,69,3.5,No,raza.qureshi1412@company.com
1413,Saad Chaudhry,Female,46,Marketing,Islamabad,2,Intermediate,Mid,71324,7.6,2026-02-17,False,Full-time,205,20,66,2.4,No,saad.chaudhry1413@company.com
1414,  Ali Khan  ,Female,36,Sales,Multan,13,Intermediate,Senior,138830,8.1,2021-12-13,True,Full-time,223,8,57,2.2,No,ali.khan1414@company.com
1415,Saad Malik,Male,58,HR ,Islamabad,9,Master,Senior,146989,8.3,2022-06-21,0,Full-time,206,13,46,2.8,Yes,saad.malik1415@company.com
1416,Maham Iqbal,Female,26,HR,Islambad,6,Bachelor,Mid,80836,6.8,2025-10-21,False,Full-time,206,26,33,3.3,No,maham.iqbal1416@company.com
1417,Saad Chaudhry,Female,47,Finance,Karachi,16,Bachelor,Mid,110031,9.7,2025-07-06,True,Full-time,198,31,4,4.0,No,saad.chaudhry1417@company.com
1418,Hira Aslam,Male,47,HR,Lahore,11,Master,Junior,64101,6.8,2022-05-26,False,Full-time,143,10,18,4.1,No,hira.aslam1418@company.com
1419,  Kainat Aslam  ,Female,39,Marketing,Karachi,19,MPhil,Junior,103923,5.3,2015-01-02,False,Full-time,179,29,43,4.1,No,kainat.aslam1419@company.com
1420,Anam Iqbal,Male,29,Design,Peshawar,9,MPhil,Junior,77266,5.4,2023-03-10,False,Full-time,190,22,69,1.2,No,anam.iqbal1420@company.com
1421,Saad Chaudhry,Female,26,HR ,Multan,0,Master,Mid,80328,5.4,2026-02-25,True,Part-time,206,13,60,3.0,Yes,saad.chaudhry1421@company.com
1422,Komal Aslam,Male,,Sales,Peshawar,2,Bachelor,Lead,157528,5.4,2025-12-19,False,Full-time,145,32,2,2.4,No,komal.aslam1422@company.com
1423,Ali Iqbal,Female,45,Sales,Lahore,3,Intermediate,Mid,,5.9,2016-01-05,True,Full-time,192,11,7,3.5,No,ali.iqbal1423@company.com
1424,Ali Chaudhry,Male,40,Operations,Lahore,10,Bachelor,Mid,95081,6.8,2016-09-17,True,Full-time,216,16,63,3.0,No,ali.chaudhry1424@company.com
1425,Fatima Ali,Male,41,Design,Rawalpindi,13,Intermediate,Mid,103901,9.5,2014-06-02,False,Full-time,215,7,31,4.1,No,fatima.ali1425@company.com
1426,Hassan Ali,Female,,HR,,20,Bachelor,Senior,151052,7.6,2017-10-09,True,Full-time,194,29,5,1.0,No,hassan.ali1426@company.com
1427,Taha Sheikh,Female,31,IT,Lahore,11,Master,Mid,109568,9.9,2018-10-09,False,Full-time,208,5,38,1.4,No,taha.sheikh1427@company.com
1428,Taha Raza,Female,48,Marketing,Rawalpindi,16,Master,Lead,185580,9.8,2024-02-26,False,Full-time,181,22,26,2.8,No,taha.raza1428@company.com
1429,Ali Aslam,Male,21,Design,Lahore,0,Bachelor,Mid,78022,8.7,2026-01-26,True,Full-time,223,5,68,1.1,No,ali.aslam1429@company.com
1430,Komal Tariq,Male,43,Operations,Islambad,19,Master,Mid,126344,5.6,2022-04-23,True,Full-time,168,2,35,3.7,No,komal.tariq1430@company.com
1431,Umar Ahmed,Female,35,Marketing,Faisalabad,11,Intermediate,Junior,92509,6.0,2018-05-26,False,Full-time,175,33,63,1.7,No,umar.ahmed1431@company.com
1432,Anam Sheikh,Male,25,Finance,Multan,2,Bachelor,Junior,50403,9.3,2020-02-26,True,Contract,142,35,78,2.0,No,anam.sheikh1432@company.com
1433,Saad Khan,Female,24,Support,Faisalabad,4,Master,Junior,63733,7.4,2025-08-08,True,Contract,168,4,35,4.7,No,saad.khan1433@company.com
1434,Hamza Khan,Female,33,Support,Lahore,13,Intermediate,Manager,225293,9.7,2019-08-10,True,Full-time,179,5,80,3.5,Yes,hamza.khan1434@company.com
1435,Maham Qureshi,Male,58,Support,Peshawar,8,Bachelor,Junior,66471,,2021-06-25,True,Contract,216,29,12,3.5,No,maham.qureshi1435@company.com
1436,Ahmed Khan,Male,45,Support,Peshawar,22,Intermediate,Senior,,5.3,2023-09-08,True,Full-time,147,4,37,4.4,No,ahmed.khan1436@company.com
1437,Noor Qureshi,Female,35,IT,Faisalabad,12,MPhil,Senior,950000,6.7,2014-08-01,False,Full-time,215,13,13,1.4,No,noor.qureshi1437@company.com
1438,Ahmed Sheikh,Male,57,Finanace,Multan,16,Master,Mid,121129,5.9,2017-02-01,True,Full-time,179,28,65,4.8,No,ahmed.sheikh1438@company.com
1439,Maria Sheikh,Male,30,Design,Islamabad,10,Master,Junior,72123,7.9,2017-03-30,True,Full-time,211,4,54,2.4,No,maria.sheikh1439@company.com
1440,  Farhan Aslam  ,Male,25,Support,Karachi,5,MPhil,Senior,,8.4,2021-07-12,False,Full-time,160,7,58,4.5,No,farhan.aslam1440@company.com
1441,Iqra Noor,Male,35,Marketing,Faisalabad,15,Bachelor,Junior,97423,9.0,2022-06-07,True,Full-time,140,24,1,1.3,Yes,iqra.noor1441@company.com
1442,Fatima Raza,Female,49,Marketing,Multan,18,Master,Junior,77004,6.0,2017-11-27,Yes,Contract,162,22,70,2.0,No,fatima.raza1442@company.com
1443,Ayesha Iqbal,Female,27,IT,Peshawar,7,Bachelor,Mid,89520,6.7,2018-09-19,False,Full-time,187,24,21,4.8,No,ayesha.iqbal1443@company.com
1444,Noor Aslam,Female,25,HR,Karachi,4,Bachelor,Junior,59559,6.6,2023-08-20,True,Contract,218,13,68,2.2,Yes,noor.aslam1444@company.com
1445,Zainab Khan,Female,29,Design,Karachi,9,Intermediate,Senior,N/A,5.8,2022-09-15,False,Full-time,199,12,41,3.8,No,zainab.khan1445@company.com
1446,  Iqra Chaudhry  ,Female,51,Sales,lahore,12,Intermediate,Junior,78393,9.2,2022-11-18,True,Full-time,188,11,47,2.0,Yes,employee@company
1447,Shahzaib Ahmed,Female,49,Support,Karachi,18,Intermediate,Mid,128318,7.1,2024-06-27,False,Full-time,203,21,34,2.5,Yes,shahzaib.ahmed1447@company.com
1448,Zainab Ali,Male,43,HR,Islamabad,16,Intermediate,Senior,136480,5.6,2022-01-30,True,Full-time,182,13,42,2.0,No,zainab.ali1448@company.com
1449,Shahzaib Butt,Female,33,Finance,Peshawar,13,Master,Junior,77604,9.0,2023-01-22,False,Contract,223,1,60,3.6,No,shahzaib.butt1449@company.com
1450,Hassan Iqbal,Female,35,Marketing,Multan,15,Bachelor,Mid,124074,8.9,2024-07-06,False,Full-time,150,21,24,2.7,No,hassan.iqbal1450@company.com
1451,Maham Noor,Female,,IT,Islamabad,4,Bachelor,Mid,75561,7.4,2021-12-15,False,Full-time,194,26,68,2.2,No,maham.noor1451@company.com
1452,Talha Qureshi,Male,29,Finance,,9,MPhil,Manager,214762,5.3,2022-09-01,True,Full-time,182,29,38,1.4,Yes,talha.qureshi1452@company.com
1453,Mehwish Raza,Male,5,IT,ISLAMABAD,6,Intermediate,Lead,161840,6.0,2020-07-12,True,Full-time,187,34,1,1.7,No,mehwish.raza1453@company.com
1454,Maham Farooq,Male,28,Finance,Rawalpindi,8,MPhil,Senior,124533,5.6,2018-08-12,False,Full-time,230,31,20,3.4,No,maham.farooq1454@company.com
1455,Talha Noor,Female,,Marketing,Lahore,4,MPhil,Junior,67287,9.0,2025-10-17,False,Contract,202,30,59,3.3,No,talha.noor1455@company.com
1456,Maria Butt,Female,43,Sales,Faisalabad,19,Bachelor,Mid,117331,,2018-02-11,True,Full-time,145,16,20,2.1,No,maria.butt1456@company.com
1457,Maria Butt,Male,34,Design,Faisalabad,14,Intermediate,Manager,212831,,2021-04-24,False,Full-time,172,14,64,1.2,Yes,
1458,Farhan Chaudhry,Female,45,Support,Multan,12,Bachelor,Mid,92063,,2017-01-23,False,Full-time,199,32,59,1.3,No,farhan.chaudhry1458@company.com
1459,Zainab Chaudhry,Female,29,Design,Peshawar,8,Bachelor,Junior,71577,5.5,2020-08-06,True,Full-time,190,11,9,3.7,Yes,zainab.chaudhry1459@company.com
1460,Bilal Raza,Female,Twenty Five,Finance,Karachi,22,Intermediate,Lead,207663,7.2,2015-01-27,True,Full-time,179,29,6,3.4,Yes,bilal.raza1460@company.com
1461,Usman Qureshi,Male,36,Support,Karachi,6,Intermediate,Junior,48619,6.7,2018-04-24,True,Full-time,152,11,21,,No,usman.qureshi1461@company.com
1462,Taha Malik,Female,56,Marketing,Islambad,6,MPhil,Manager,201897,6.0,2021-12-31,False,Full-time,191,21,1,2.6,No,taha.malik1462@company.com
1463,Ahmed Butt,Female,44,IT,,6,MPhil,Mid,96526,9.8,2016-04-14,True,Full-time,152,21,80,3.8,No,ahmed.butt1463@company.com
1464,Shahzaib Chaudhry,Male,42,Finance,Multan,22,Master,Manager,267406,5.3,2014-05-25,False,Full-time,221,15,64,3.3,No,shahzaib.chaudhry1464@company.com
1465,Zainab Khan,Male,40,Marketing,Multan,13,Bachelor,Senior,126493,6.8,2020-08-26,True,Full-time,166,3,30,4.7,No,zainab.khan1465@company.com
1466,Saad Chaudhry,Female,29,Sales,Islamabad,9,Intermediate,Mid,95293,8.7,2019-02-20,No,Full-time,166,35,6,4.6,No,saad.chaudhry1466@company.com
1467,Zainab Qureshi,Male,,Support,Karachi,14,Intermediate,Junior,78577,9.7,not_available,True,Contract,156,6,22,3.4,No,zainab.qureshi1467@company.com
1468,Kainat Noor,Male,53,HR,,23,MPhil,Mid,143843,6.2,2017-12-16,True,Full-time,213,29,25,,No,kainat.noor1468@company.com
1469,Ahmed Malik,Female,45,Finance,Faisalabad,14,MPhil,Mid,122472,8.7,2024-10-23,True,Full-time,194,6,38,3.4,Yes,ahmed.malik1469@company.com
1470,Anam Raza,Female,45,Design,Islamabad,14,Master,Mid,120330,5.4,2017-01-24,False,Full-time,164,1,1,4.4,No,anam.raza1470@company.com
1471,Hira Tariq,Female,47,Operations,Multan,11,MPhil,Mid,115509,5.3,2014-11-15,True,Full-time,212,11,24,4.1,No,hira.tariq1471@company.com
1472,Shahzaib Aslam,Female,,Design,Multan,22,Master,Senior,178552,9.5,2019-07-15,True,Full-time,186,2,18,2.0,No,shahzaib.aslam1472@company.com
1473,Komal Raza,Female,36,Finance,Lahore,3,Intermediate,Senior,,8.5,2015-10-21,True,Contract,161,28,32,3.8,No,komal.raza1473@company.com
1474,Mehwish Butt,Female,58,Sales,Multan,13,Intermediate,Junior,86921,9.0,2020-01-13,True,Contract,190,20,0,4.9,No,mehwish.butt1474@company.com
1475,Ali Ahmed,Male,15,Operations,Multan,9,MPhil,Junior,66210,8.4,2018-06-11,False,Full-time,154,29,72,4.3,No,ali.ahmed1475@company.com
1476,Sara Chaudhry,Male,33, it ,Peshawar,13,MPhil,Senior,,9.3,2017-09-22,True,Full-time,188,8,35,1.3,Yes,sara.chaudhry1476@company.com
1477,Zainab Tariq,Female,27,IT,,7,Intermediate,Senior,122283,5.5,2025/13/10,True,Full-time,206,18,62,2.9,No,zainab.tariq1477@company.com
1478,Maham Malik,Female,42,Support,Peshawar,7,Master,Senior,,9.8,2021-05-29,True,Full-time,229,26,17,1.1,Yes,maham.malik1478@company.com
1479,Danish Ali,Male,44,Design,Rawalpindi,21,MPhil,Mid,134350,,2021-03-24,True,Full-time,145,21,56,1.9,No,danish.ali1479@company.com
1480,Anam Sheikh,Male,43,Operations,Faisalabad,21,Intermediate,Senior,167316,6.0,2017-03-18,True,Full-time,151,20,70,4.9,No,anam.sheikh1480@company.com
1481,Abdullah Tariq,Male,51,Marketing,Karachi,6,Bachelor,Senior,118836,5.5,2014-08-28,True,Contract,181,25,35,1.9,No,abdullah.tariq1481@company.com
1482,Iqra Aslam,Male,29,Design,Lahore,9,Master,Lead,183494,5.3,2021-09-12,False,Contract,188,28,29,1.9,Yes,iqra.aslam1482@company.com
1483,Ahmed Ahmed,Male,120,Marketing,Multan,3,Master,Junior,56781,7.8,2014-01-14,False,Full-time,208,13,49,4.9,No,ahmed.ahmed1483@company.com
1484,Hira Qureshi,Male,,Marketing,Lahore,12,Intermediate,Mid,105268,5.7,2020-08-28,True,Full-time,198,10,76,2.1,No,hira.qureshi1484@company.com
1485,  Eman Qureshi  ,Male,41,Sales,Rawalpindi,21,Intermediate,Junior,123973,7.3,2018-11-03,False,Full-time,188,4,42,1.6,No,eman.qureshi1485@company.com
1486,Eman Chaudhry,Male,24,Finance,Lhore,4,MPhil,Junior,56092,9.9,2026-04-16,TRUE,Full-time,226,31,44,4.0,No,eman.chaudhry1486@company.com
1487,Danish Chaudhry,Female,,Marketing,Multan,17,MPhil,Junior,97872,9.2,2015-03-20,False,Full-time,160,9,56,3.8,No,danish.chaudhry1487@company.com
1488,Hassan Noor,Male,33,IT,,13,Intermediate,Senior,136664,9.7,15-06-2022,True,Contract,152,23,60,1.7,Yes,hassan.noor1488@company.com
1489,Danish Butt,Female,58,Operations,Karachi,20,MPhil,Junior,85752,6.9,2020-10-15,True,Full-time,188,6,59,4.5,No,danish.butt1489@company.com
1490,Bilal Butt,Female,44,IT,Lahore,3,Intermediate,Junior,63042,6.1,2024-10-03,False,Full-time,152,12,49,2.9,No,bilal.butt1490@company.com
1491,Maham Ali,Male,27,Support,Lahore,7,Bachelor,Mid,85292,6.9,2026-01-12,False,Full-time,214,35,15,4.0,No,maham.ali1491@company.com
1492,Komal Aslam,Male,32,Finance,karachi,12,MPhil,Lead,,5.6,2018-08-17,True,Full-time,172,3,10,4.9,No,komal.aslam1492@company.com
1493,Hira Siddiqui,Male,48,IT,Karachi,9,Intermediate,Manager,217381,8.2,2023-12-24,True,Full-time,228,21,66,4.6,No,hira.siddiqui1493@company.com
1494,Noor Siddiqui,Male,27,IT,,1,Bachelor,Junior,43637,8.0,2018-11-05,False,Full-time,219,28,9,3.2,No,noor.siddiqui1494@company.com
1495,Farhan Aslam,Male,46,Design,Lahore,8,MPhil,Manager,216304,6.0,2020-01-16,True,Full-time,212,33,77,1.7,No,farhan.aslam1495@company.com
1496,Hamza Qureshi,Female,45,IT,Rawalpindi,7,Intermediate,Junior,60820,8.4,2023-02-15,True,Full-time,151,24,42,4.1,Yes,hamza.qureshi1496@company.com
1497,Laiba Noor,Female,21,HR,,1,MPhil,Manager,189449,5.9,2020-11-16,False,Full-time,184,19,70,2.1,Yes,laiba.noor1497@company.com
1498,Sara Raza,Female,45,Finance,Islamabad,25,MPhil,Mid,eighty thousand,5.0,2025-07-09,True,Full-time,158,25,72,3.9,Yes,invalid-email
1499,Anam Butt,Female,36,Operations,Multan,14,Bachelor,Mid,112693,7.5,2020-03-09,False,Full-time,169,20,11,4.8,No,anam.butt1499@company.com
1500,Hamza Iqbal,Male,26,HR,Multan,6,Intermediate,Junior,51273,8.6,2026-06-06,False,Contract,141,28,65,4.7,Yes,hamza.iqbal1500@company.com
1203,Taha Siddiqui,Male,43,Operations,karachi,5,Intermediate,Mid,88875,6.6,2014-01-23,True,Full-time,154,32,19,4.8,No,
1080,Maria Iqbal,Male,53,IT,Multan,10,Bachelor,Mid,88466,5.9,2017-09-18,False,Full-time,186,16,56,3.4,No,
1229,Laiba Malik,Female,31,IT,Islamabad,7,Bachelor,Senior,133074,6.4,2022-01-23,True,Full-time,182,31,59,2.8,No,laiba.malik1229@company.com
1119,Abdullah Khan,Male,34,HR,Lahore,14,Intermediate,Mid,108059,6.2,2014-12-29,False,Full-time,209,14,7,1.6,No,abdullah.khan1119@company.com
1374,Hamza Tariq,Female,31, Sales,Islamabad,11,Bachelor,Mid,102000,9.1,2026-01-07,True,Full-time,146,20,73,2.6,No,hamza.tariq1374@company.com
1372,Anam Sheikh,Male,42,Operations,Lahore,13,Master,Manager,227869,5.3,2019-06-24,True,Full-time,179,6,8,4.5,Yes,anam.sheikh1372@company.com
1223,Farhan Qureshi,Male,48,HR,lahore,17,MPhil,Senior,135137,5.1,2021-06-10,True,Full-time,146,12,32,3.2,No,farhan.qureshi1223@company.com
1189,Danish Qureshi,Male,25,Sales,Multan,5,MPhil,Junior,69999,5.1,2018-04-29,True,Contract,171,3,58,1.2,No,danish.qureshi1189@company.com
1076,Farhan Iqbal,Male,53,Operations,Faisalabad,18,Intermediate,Mid,142976,8.2,2021-03-18,False,Full-time,147,29,13,4.2,No,farhan.iqbal1076@company.com
1462,Taha Malik,Female,56,Marketing,Islambad,6,MPhil,Manager,201897,6.0,2021-12-31,False,Full-time,191,21,1,2.6,No,taha.malik1462@company.com
1246,Noor Noor,Female,46,IT,Karach,5,MPhil,Mid,79091,7.5,2021-08-17,True,Contract,172,35,73,2.0,No,noor.noor1246@company.com
1048,Noor Qureshi,Male,31,Sales,Rawalpindi,0,MPhil,Junior,52120,9.6,2017-06-15,False,Contract,177,33,34,2.7,No,noor.qureshi1048@company.com
1254,Fatima Chaudhry,Male,24,Marketing,,4,MPhil,Lead,159728,8.6,2019-10-30,False,Full-time,211,17,44,1.1,Yes,no_email
1093,Ahmed Qureshi,Female,43, Sales,Rawalpindi,17,Master,Lead,178778,8.9,2025-05-30,True,Full-time,165,9,30,4.2,Yes,ahmed.qureshi1093@company.com
1236,Danish Khan,Male,24,Finance,Islamabad,4,MPhil,Mid,74426,,2020-05-11,True,Full-time,217,31,61,1.7,No,danish.khan1236@company.com
1095,Hassan Aslam,Male,29,Operations,Rawalpindi,1,Intermediate,Mid,69817,5.8,2019-01-22,Yes,Contract,206,19,10,2.0,No,hassan.aslam1095@company.com
1418,Hira Aslam,Male,47,HR,Lahore,11,Master,Junior,64101,6.8,2022-05-26,False,Full-time,143,10,18,4.1,No,hira.aslam1418@company.com
1442,Fatima Raza,Female,49,Marketing,Multan,18,Master,Junior,77004,6.0,2017-11-27,Yes,Contract,162,22,70,2.0,No,fatima.raza1442@company.com
1091,Farhan Malik,Female,45,IT,Rawalpindi,4,MPhil,Manager,206791,8.7,2017-02-01,False,Full-time,223,18,31,4.8,Yes,farhan.malik1091@company.com
1097,Bilal Butt,Male,57, it ,Rawalpindi,20,Intermediate,Mid,141557,6.4,2020-10-10,False,Full-time,227,26,38,2.8,No,bilal.butt1097@company.com
